"","Canton_num","FirstDay_Online","LastDay_Online","Type_num","Customer_Segment_num","Category_num","Nr_rooms","Package_Product_num","GDP_2020_21","GDP_per","Population","Area_km2","Density","Size_m2","Price_Gross"
"1",1,"2022-07-18","2022-08-19",1,1,1,2.5,1,43590,63177,694072,1404,494,50,1790
"2",1,"2022-03-01","2022-04-11",1,2,1,3.5,2,43590,63177,694072,1404,494,85,1890
"3",1,"2022-08-13","2022-08-13",1,1,1,1.5,1,43590,63177,694072,1404,494,44,500
"4",1,"2022-08-13","2022-08-13",1,1,1,3.5,1,43590,63177,694072,1404,494,98,900
"5",1,"2022-08-27","2022-08-29",1,1,1,3.5,1,43590,63177,694072,1404,494,112,700
"6",1,"2022-08-27","2022-08-27",1,1,1,3.5,1,43590,63177,694072,1404,494,109,700
"7",1,"2022-01-24","2022-02-11",1,2,1,3.5,3,43590,63177,694072,1404,494,81,1825
"8",1,"2021-06-28","2021-10-19",1,1,1,3,1,43590,63177,694072,1404,494,66,1495
"9",1,"2021-10-07","2021-11-16",1,2,1,3,2,43590,63177,694072,1404,494,78,1180
"10",1,"2021-10-28","2021-12-24",1,2,1,4.5,3,43590,63177,694072,1404,494,133,2680
"11",1,"2022-11-05","2022-11-05",1,1,1,2.5,1,43590,63177,694072,1404,494,70,650
"12",1,"2021-11-06","2021-12-10",1,2,1,3.5,3,43590,63177,694072,1404,494,75,1780
"13",1,"2022-08-13","2022-08-13",1,1,1,3.5,1,43590,63177,694072,1404,494,98,900
"14",1,"2022-08-27","2022-08-27",1,1,1,3.5,1,43590,63177,694072,1404,494,112,900
"15",1,"2022-08-27","2022-08-27",1,1,1,3.5,1,43590,63177,694072,1404,494,112,700
"16",1,"2022-07-15","2022-07-15",1,1,1,4.5,1,43590,63177,694072,1404,494,150,2200
"17",1,"2022-05-30","2022-05-30",1,1,2,5,1,43590,63177,694072,1404,494,125,2700
"18",1,"2021-09-28","2021-10-04",1,2,1,3.5,4,43590,63177,694072,1404,494,83,1450
"19",1,"2022-05-05","2022-05-24",1,1,1,4.5,1,43590,63177,694072,1404,494,123,2180
"20",1,"2022-11-05","2022-11-05",1,1,1,1.5,1,43590,63177,694072,1404,494,45,500
"21",1,"2022-05-14","2022-06-02",1,1,1,2.5,1,43590,63177,694072,1404,494,81,1470
"22",1,"2021-04-29","2021-05-10",1,2,1,4,4,43590,63177,694072,1404,494,70,1330
"23",1,"2021-06-02","2021-06-22",1,2,1,1.5,2,43590,63177,694072,1404,494,28,900
"24",1,"2021-08-02","2021-08-14",1,2,2,4.5,3,43590,63177,694072,1404,494,130,2250
"25",1,"2022-11-05","2022-11-05",1,1,1,4.5,1,43590,63177,694072,1404,494,126,900
"26",1,"2021-03-31","2021-07-09",1,2,1,4,4,43590,63177,694072,1404,494,78,1380
"27",1,"2021-10-19","2021-12-20",1,2,1,1,3,43590,63177,694072,1404,494,31,750
"28",1,"2023-01-28","2023-01-28",1,1,1,3.5,1,43590,63177,694072,1404,494,97,1050
"29",1,"2022-06-06","2022-07-21",1,2,1,3,2,43590,63177,694072,1404,494,90,2240
"30",1,"2022-08-24","2022-08-30",1,2,1,2.5,4,43590,63177,694072,1404,494,71,1790
"31",1,"2023-01-28","2023-01-28",1,1,1,2.5,1,43590,63177,694072,1404,494,67,750
"32",1,"2022-04-21","2022-05-05",1,1,1,4.5,1,43590,63177,694072,1404,494,123,2290
"33",1,"2022-03-17","2022-03-21",1,1,1,4,1,43590,63177,694072,1404,494,90,1390
"34",1,"2022-02-21","2022-06-02",1,2,1,2.5,3,43590,63177,694072,1404,494,66,1577
"35",1,"2021-11-12","2021-12-15",1,2,1,3.5,2,43590,63177,694072,1404,494,80,1440
"36",1,"2022-08-27","2022-08-27",1,1,1,3.5,1,43590,63177,694072,1404,494,112,800
"37",1,"2022-10-19","2022-10-26",1,1,1,2,1,43590,63177,694072,1404,494,40,995
"38",1,"2022-08-13","2022-08-13",1,1,1,2.5,1,43590,63177,694072,1404,494,66,750
"39",1,"2021-07-05","2021-07-11",1,2,1,3.5,2,43590,63177,694072,1404,494,84,1590
"40",1,"2021-07-01","2021-08-28",1,2,1,4.5,4,43590,63177,694072,1404,494,103,1700
"41",1,"2022-01-28","2022-05-15",1,2,1,4,4,43590,63177,694072,1404,494,90,1420
"42",1,"2022-06-30","2022-07-04",1,2,1,5,4,43590,63177,694072,1404,494,134,1955
"43",1,"2022-08-27","2022-08-27",1,1,1,3.5,1,43590,63177,694072,1404,494,112,650
"44",1,"2022-05-25","2022-06-14",1,1,1,4.5,1,43590,63177,694072,1404,494,123,2080
"45",1,"2021-10-08","2022-01-04",1,1,1,5.5,1,43590,63177,694072,1404,494,117,2300
"46",1,"2022-11-02","2023-01-07",1,2,1,4.5,3,43590,63177,694072,1404,494,80,1560
"47",1,"2021-06-29","2021-07-06",1,2,1,3.5,4,43590,63177,694072,1404,494,80,1800
"48",1,"2022-09-06","2022-09-26",1,1,1,3.5,1,43590,63177,694072,1404,494,95,2096
"49",1,"2021-05-14","2021-06-11",1,2,1,4.5,3,43590,63177,694072,1404,494,134,1955
"50",1,"2023-01-28","2023-01-28",1,1,1,3.5,1,43590,63177,694072,1404,494,98,1000
"51",1,"2022-10-06","2022-10-25",1,1,1,3.5,1,43590,63177,694072,1404,494,95,2430
"52",1,"2023-01-28","2023-01-28",1,1,1,2.5,1,43590,63177,694072,1404,494,67,750
"53",1,"2023-01-28","2023-01-28",1,1,1,2.5,1,43590,63177,694072,1404,494,65,800
"54",1,"2021-08-16","2021-08-16",1,1,1,3.5,1,43590,63177,694072,1404,494,113,900
"55",1,"2022-08-27","2022-08-29",1,1,1,2.5,1,43590,63177,694072,1404,494,65,700
"56",1,"2022-08-13","2022-08-13",1,1,1,2.5,1,43590,63177,694072,1404,494,66,700
"57",1,"2023-01-28","2023-01-28",1,1,1,1.5,1,43590,63177,694072,1404,494,47,650
"58",1,"2021-11-24","2022-02-23",1,1,1,4.5,1,43590,63177,694072,1404,494,100,2100
"59",1,"2022-04-29","2022-05-07",1,2,1,4.5,4,43590,63177,694072,1404,494,88,2100
"60",1,"2022-06-15","2022-06-27",1,1,1,3.5,1,43590,63177,694072,1404,494,78,1810
"61",1,"2022-10-08","2022-10-08",1,1,1,4.5,1,43590,63177,694072,1404,494,120,1000
"62",1,"2023-01-07","2023-01-07",1,1,1,3.5,1,43590,63177,694072,1404,494,80,1604
"63",1,"2022-08-19","2022-09-06",1,2,1,4,2,43590,63177,694072,1404,494,116,1740
"64",1,"2022-06-30","2022-07-28",1,1,1,4.5,1,43590,63177,694072,1404,494,95,1860
"65",1,"2021-12-10","2021-12-14",1,2,1,3.5,4,43590,63177,694072,1404,494,75,1750
"66",1,"2022-10-08","2022-10-08",1,1,1,2.5,1,43590,63177,694072,1404,494,66,760
"67",1,"2021-07-01","2022-02-17",1,2,1,4.5,3,43590,63177,694072,1404,494,83,1790
"68",1,"2022-10-12","2022-12-01",1,1,1,4.5,1,43590,63177,694072,1404,494,106,2140
"69",1,"2022-11-05","2022-11-05",1,1,1,4.5,1,43590,63177,694072,1404,494,1100,1100
"70",1,"2022-09-06","2022-09-11",1,2,1,2.5,3,43590,63177,694072,1404,494,51,1460
"71",1,"2022-08-19","2022-08-24",1,2,1,2,4,43590,63177,694072,1404,494,60,860
"72",1,"2021-10-29","2021-11-10",1,2,1,3,3,43590,63177,694072,1404,494,71,1270
"73",1,"2022-05-14","2022-06-02",1,1,1,3.5,1,43590,63177,694072,1404,494,104,1860
"74",1,"2022-02-04","2022-02-08",1,2,1,4.5,3,43590,63177,694072,1404,494,125,1875
"75",1,"2022-09-20","2022-09-21",1,1,1,3.5,1,43590,63177,694072,1404,494,117,2190
"76",1,"2022-08-13","2022-08-13",1,1,1,1.5,1,43590,63177,694072,1404,494,44,500
"77",1,"2022-08-07","2022-09-18",1,2,1,2.5,3,43590,63177,694072,1404,494,67,1540
"78",1,"2021-07-09","2021-07-22",1,2,1,4.5,4,43590,63177,694072,1404,494,113,1775
"79",1,"2021-05-08","2021-05-08",1,2,1,4.5,2,43590,63177,694072,1404,494,110,1700
"80",1,"2022-10-12","2022-12-07",1,1,1,1,1,43590,63177,694072,1404,494,95,1690
"81",1,"2022-08-27","2022-08-29",1,1,1,4.5,1,43590,63177,694072,1404,494,116,1000
"82",1,"2022-11-24","2022-11-24",1,1,2,6.5,1,43590,63177,694072,1404,494,222,4500
"83",1,"2022-08-13","2022-08-13",1,1,1,3.5,1,43590,63177,694072,1404,494,98,700
"84",1,"2022-10-08","2022-10-08",1,1,1,3.5,1,43590,63177,694072,1404,494,99,845
"85",1,"2023-01-18","2023-01-18",1,2,1,4.5,3,43590,63177,694072,1404,494,130,3300
"86",1,"2022-11-05","2022-11-05",1,1,1,3.5,1,43590,63177,694072,1404,494,100,950
"87",1,"2022-10-17","2022-10-31",1,1,1,4.5,1,43590,63177,694072,1404,494,106,2550
"88",1,"2021-06-17","2021-07-05",1,2,1,4.5,3,43590,63177,694072,1404,494,150,2300
"89",1,"2023-01-28","2023-01-28",1,1,1,3.5,1,43590,63177,694072,1404,494,98,900
"90",1,"2022-10-12","2022-11-02",1,1,1,3.5,1,43590,63177,694072,1404,494,95,1800
"91",1,"2022-12-08","2022-12-08",1,2,1,3.5,4,43590,63177,694072,1404,494,65,1530
"92",1,"2023-01-18","2023-01-24",1,1,1,3.5,1,43590,63177,694072,1404,494,79,1440
"93",1,"2022-11-05","2022-11-05",1,1,1,3.5,1,43590,63177,694072,1404,494,100,980
"94",1,"2021-10-04","2021-11-03",1,1,1,3,1,43590,63177,694072,1404,494,65,1200
"95",1,"2022-04-28","2022-06-07",1,2,1,4.5,4,43590,63177,694072,1404,494,120,700
"96",1,"2021-07-01","2021-11-23",1,2,1,4.5,2,43590,63177,694072,1404,494,110,2140
"97",1,"2022-11-05","2022-11-05",1,1,1,4.5,1,43590,63177,694072,1404,494,1100,1000
"98",1,"2022-09-21","2022-10-03",1,1,1,3.5,1,43590,63177,694072,1404,494,117,2190
"99",1,"2022-03-08","2022-03-29",1,2,1,1.5,3,43590,63177,694072,1404,494,28,890
"100",1,"2022-10-08","2022-10-08",1,1,1,4.5,1,43590,63177,694072,1404,494,120,1000
"101",1,"2022-11-05","2022-11-05",1,1,1,2.5,1,43590,63177,694072,1404,494,67,750
"102",1,"2022-08-27","2022-08-29",1,1,1,3.5,1,43590,63177,694072,1404,494,112,900
"103",1,"2022-04-05","2022-05-18",1,2,1,3,4,43590,63177,694072,1404,494,57,1350
"104",1,"2023-01-28","2023-01-28",1,1,1,4.5,1,43590,63177,694072,1404,494,126,1100
"105",1,"2022-11-05","2022-11-05",1,1,1,2.5,1,43590,63177,694072,1404,494,70,700
"106",1,"2023-01-28","2023-01-28",1,1,1,4.5,1,43590,63177,694072,1404,494,128,1000
"107",1,"2022-10-08","2022-10-08",1,1,1,3.5,1,43590,63177,694072,1404,494,99,930
"108",1,"2022-11-05","2022-11-05",1,1,1,4.5,1,43590,63177,694072,1404,494,122,1100
"109",1,"2022-10-08","2022-10-08",1,1,1,3.5,1,43590,63177,694072,1404,494,98,715
"110",1,"2022-02-27","2022-04-03",1,2,1,2.5,2,43590,63177,694072,1404,494,64,1520
"111",1,"2021-06-09","2021-06-23",1,2,2,6.5,4,43590,63177,694072,1404,494,135,3500
"112",1,"2022-10-08","2022-10-08",1,1,1,3.5,1,43590,63177,694072,1404,494,98,915
"113",1,"2023-01-28","2023-01-28",1,1,1,1.5,1,43590,63177,694072,1404,494,47,650
"114",1,"2022-08-27","2022-08-27",1,1,1,2.5,1,43590,63177,694072,1404,494,65,700
"115",1,"2022-12-13","2022-12-13",1,2,1,4.5,2,43590,63177,694072,1404,494,115,2675
"116",1,"2022-05-14","2022-05-14",1,1,1,3.5,1,43590,63177,694072,1404,494,104,1860
"117",1,"2022-10-12","2022-10-12",1,1,1,4.5,1,43590,63177,694072,1404,494,102,1705
"118",1,"2021-11-30","2021-12-24",1,2,1,3,2,43590,63177,694072,1404,494,67,1475
"119",1,"2023-01-28","2023-01-28",1,1,1,3.5,1,43590,63177,694072,1404,494,98,1050
"120",1,"2022-08-15","2022-09-28",1,2,1,3.5,2,43590,63177,694072,1404,494,80,1690
"121",1,"2022-10-08","2022-10-08",1,1,1,1.5,1,43590,63177,694072,1404,494,45,500
"122",1,"2021-04-29","2021-05-25",1,2,1,4,4,43590,63177,694072,1404,494,70,1330
"123",1,"2023-01-10","2023-01-10",1,1,1,2.5,1,43590,63177,694072,1404,494,50,1160
"124",1,"2021-12-07","2021-12-23",1,2,1,4.5,4,43590,63177,694072,1404,494,100,1750
"125",1,"2022-08-27","2022-08-29",1,1,1,4.5,1,43590,63177,694072,1404,494,116,1000
"126",1,"2022-10-08","2022-10-08",1,1,1,1.5,1,43590,63177,694072,1404,494,45,500
"127",1,"2021-06-28","2021-08-06",1,1,1,4.5,1,43590,63177,694072,1404,494,95,1762
"128",1,"2021-05-09","2021-05-28",1,2,1,3,2,43590,63177,694072,1404,494,76,1680
"129",1,"2022-01-20","2022-01-24",1,2,1,3.5,3,43590,63177,694072,1404,494,71,1480
"130",1,"2021-11-14","2022-01-16",1,2,1,3.5,3,43590,63177,694072,1404,494,108,1850
"131",1,"2022-08-13","2022-08-13",1,1,1,3.5,1,43590,63177,694072,1404,494,97,700
"132",1,"2021-06-16","2021-08-27",1,2,1,4.5,2,43590,63177,694072,1404,494,140,4850
"133",1,"2022-03-21","2022-04-14",1,2,2,5.5,2,43590,63177,694072,1404,494,173,3400
"134",1,"2021-09-06","2021-09-07",1,2,1,2,3,43590,63177,694072,1404,494,31,880
"135",1,"2022-07-14","2022-07-14",1,2,1,2.5,3,43590,63177,694072,1404,494,62,1480
"136",1,"2021-08-30","2021-09-22",1,2,1,2,4,43590,63177,694072,1404,494,49,1106
"137",1,"2021-06-03","2021-06-15",1,1,1,2.5,1,43590,63177,694072,1404,494,50,1150
"138",2,"2022-10-08","2022-10-08",1,1,1,3.5,1,28176,67936,416347,1494,279,98,870
"139",2,"2021-05-18","2021-08-25",1,1,1,3.5,1,28176,67936,416347,1494,279,86,1670
"140",2,"2022-07-04","2022-07-13",1,1,1,4,1,28176,67936,416347,1494,279,65,1480
"141",2,"2022-07-04","2022-07-13",1,1,1,3,1,28176,67936,416347,1494,279,59,1320
"142",2,"2021-04-15","2021-06-02",1,1,1,4.5,1,28176,67936,416347,1494,279,109,2020
"143",2,"2022-08-23","2023-01-04",1,1,1,3.5,1,28176,67936,416347,1494,279,100,1520
"144",2,"2022-04-19","2022-04-28",1,1,1,3.5,1,28176,67936,416347,1494,279,77,1220
"145",2,"2022-07-04","2022-07-04",1,1,1,4,1,28176,67936,416347,1494,279,65,1480
"146",2,"2022-08-23","2023-01-26",1,1,1,3.5,1,28176,67936,416347,1494,279,85,1470
"147",2,"2022-10-11","2022-10-17",1,1,1,3,1,28176,67936,416347,1494,279,68,1780
"148",2,"2023-01-01","2023-01-22",1,1,1,4,1,28176,67936,416347,1494,279,65,1480
"149",2,"2022-11-05","2022-11-05",1,1,1,4.5,1,28176,67936,416347,1494,279,127,1100
"150",2,"2022-08-23","2023-01-26",1,1,1,3.5,1,28176,67936,416347,1494,279,99,1570
"151",2,"2022-08-27","2022-08-27",1,1,1,2.5,1,28176,67936,416347,1494,279,62,650
"152",2,"2022-08-30","2022-09-13",1,1,1,2.5,1,28176,67936,416347,1494,279,66,2450
"153",2,"2022-12-04","2023-01-01",1,1,1,4,1,28176,67936,416347,1494,279,65,1480
"154",2,"2023-01-22","2023-01-22",1,1,1,4,1,28176,67936,416347,1494,279,65,1590
"155",2,"2023-01-26","2023-01-26",1,1,1,3.5,1,28176,67936,416347,1494,279,85,1470
"156",2,"2023-01-26","2023-01-26",1,1,1,3.5,1,28176,67936,416347,1494,279,100,1720
"157",2,"2022-08-02","2022-08-09",1,1,1,3,1,28176,67936,416347,1494,279,72,1350
"158",2,"2022-03-23","2022-03-29",1,1,1,4,1,28176,67936,416347,1494,279,83,1565
"159",2,"2022-04-19","2022-07-28",1,1,1,4.5,1,28176,67936,416347,1494,279,95,1320
"160",2,"2022-07-04","2022-07-07",1,1,1,3,1,28176,67936,416347,1494,279,59,1320
"161",2,"2022-06-02","2022-06-07",1,1,1,3,1,28176,67936,416347,1494,279,59,1320
"162",2,"2022-12-15","2023-01-12",1,1,1,2.5,1,28176,67936,416347,1494,279,69,1350
"163",2,"2022-11-27","2022-12-04",1,1,1,3,1,28176,67936,416347,1494,279,59,1320
"164",2,"2022-06-02","2022-06-07",1,1,1,4,1,28176,67936,416347,1494,279,65,1480
"165",2,"2022-05-10","2022-06-02",1,1,1,4,1,28176,67936,416347,1494,279,65,1480
"166",2,"2022-06-07","2022-06-21",1,1,2,6.5,1,28176,67936,416347,1494,279,125,2500
"167",2,"2023-01-04","2023-01-12",1,1,1,3.5,1,28176,67936,416347,1494,279,102,2200
"168",2,"2022-07-07","2022-07-29",1,1,1,3,1,28176,67936,416347,1494,279,72,1350
"169",2,"2022-06-13","2022-07-19",1,1,1,4,1,28176,67936,416347,1494,279,80,2340
"170",2,"2021-12-05","2021-12-29",1,2,1,3.5,4,28176,67936,416347,1494,279,120,2500
"171",2,"2022-04-29","2022-05-17",1,2,1,3.5,4,28176,67936,416347,1494,279,77,1140
"172",2,"2021-07-08","2021-07-09",1,1,1,4,1,28176,67936,416347,1494,279,80,1805
"173",2,"2021-08-31","2022-01-17",1,1,1,4,1,28176,67936,416347,1494,279,80,2300
"174",2,"2021-09-29","2022-02-28",1,1,1,4.5,1,28176,67936,416347,1494,279,122,2260
"175",2,"2022-10-08","2022-10-08",1,1,1,2.5,1,28176,67936,416347,1494,279,65,600
"176",2,"2022-05-05","2022-06-09",1,1,1,5.5,1,28176,67936,416347,1494,279,125,2300
"177",2,"2021-08-31","2022-01-17",1,1,1,4,1,28176,67936,416347,1494,279,80,2300
"178",2,"2022-12-04","2023-01-01",1,1,1,3,1,28176,67936,416347,1494,279,59,1320
"179",2,"2022-10-08","2022-10-08",1,1,1,2.5,1,28176,67936,416347,1494,279,67,700
"180",2,"2023-01-25","2023-01-27",1,1,1,2,1,28176,67936,416347,1494,279,39,1150
"181",2,"2021-06-19","2021-06-24",1,2,1,3.5,3,28176,67936,416347,1494,279,100,2245
"182",2,"2022-11-05","2022-11-05",1,1,1,4.5,1,28176,67936,416347,1494,279,122,1000
"183",2,"2022-08-23","2022-11-24",1,1,1,4.5,1,28176,67936,416347,1494,279,115,1750
"184",2,"2022-04-10","2022-06-08",1,1,1,4.5,1,28176,67936,416347,1494,279,115,1850
"185",2,"2023-01-26","2023-01-26",1,1,1,3,1,28176,67936,416347,1494,279,59,1320
"186",2,"2022-10-20","2022-10-20",1,1,1,2.5,1,28176,67936,416347,1494,279,54,6800
"187",2,"2022-11-25","2022-12-15",1,1,1,3,1,28176,67936,416347,1494,279,72,1485
"188",2,"2022-06-07","2022-07-04",1,1,1,3,1,28176,67936,416347,1494,279,59,1320
"189",2,"2022-08-10","2022-08-18",1,1,1,2.5,1,28176,67936,416347,1494,279,79,1660
"190",2,"2022-12-07","2022-12-07",1,1,1,2,1,28176,67936,416347,1494,279,39,1500
"191",2,"2022-05-12","2022-05-20",1,1,1,3.5,1,28176,67936,416347,1494,279,115,2190
"192",2,"2022-08-27","2022-08-27",1,1,1,2.5,1,28176,67936,416347,1494,279,65,600
"193",2,"2022-11-03","2022-12-04",1,1,1,4,1,28176,67936,416347,1494,279,65,1480
"194",2,"2022-06-09","2022-07-04",1,1,1,3,1,28176,67936,416347,1494,279,59,1320
"195",2,"2023-01-01","2023-01-01",1,1,1,3,1,28176,67936,416347,1494,279,59,1320
"196",2,"2022-06-07","2022-07-04",1,1,1,4,1,28176,67936,416347,1494,279,65,1480
"197",2,"2022-10-08","2022-10-08",1,1,1,3.5,1,28176,67936,416347,1494,279,98,720
"198",2,"2023-01-25","2023-01-25",1,1,1,1.5,1,28176,67936,416347,1494,279,32,960
"199",2,"2022-07-07","2022-08-28",1,1,1,3,1,28176,67936,416347,1494,279,59,1320
"200",2,"2022-08-27","2022-08-27",1,1,1,3.5,1,28176,67936,416347,1494,279,112,850
"201",2,"2022-08-23","2023-01-26",1,1,1,3.5,1,28176,67936,416347,1494,279,100,1720
"202",2,"2021-06-28","2021-08-06",1,1,1,4.5,1,28176,67936,416347,1494,279,109,2020
"203",2,"2022-10-25","2022-10-25",1,1,1,2.5,1,28176,67936,416347,1494,279,48,3200
"204",2,"2023-01-04","2023-01-16",1,1,1,3.5,1,28176,67936,416347,1494,279,68,1750
"205",2,"2023-01-18","2023-01-18",1,1,1,4.5,1,28176,67936,416347,1494,279,106,1500
"206",2,"2022-11-23","2022-11-23",1,1,1,4.5,1,28176,67936,416347,1494,279,136,2400
"207",2,"2021-05-10","2021-06-11",1,2,1,3.5,3,28176,67936,416347,1494,279,140,2199
"208",2,"2022-08-23","2022-11-28",1,1,1,4.5,1,28176,67936,416347,1494,279,115,1900
"209",2,"2023-01-26","2023-01-26",1,1,1,3.5,1,28176,67936,416347,1494,279,99,1570
"210",2,"2021-06-29","2021-08-13",1,1,1,3.5,1,28176,67936,416347,1494,279,86,1640
"211",2,"2022-08-27","2022-08-27",1,1,1,3.5,1,28176,67936,416347,1494,279,112,750
"212",2,"2022-06-02","2022-06-02",1,1,1,4,1,28176,67936,416347,1494,279,65,1480
"213",2,"2023-01-04","2023-01-12",1,1,1,3.5,1,28176,67936,416347,1494,279,100,1850
"214",2,"2022-10-25","2022-10-25",1,1,1,3,1,28176,67936,416347,1494,279,47,1950
"215",2,"2023-01-28","2023-01-28",1,1,1,4.5,1,28176,67936,416347,1494,279,126,1300
"216",2,"2022-04-21","2022-06-21",1,1,1,3,1,28176,67936,416347,1494,279,72,1540
"217",2,"2022-08-26","2022-12-16",1,1,1,4.5,1,28176,67936,416347,1494,279,109,2020
"218",2,"2022-01-11","2022-02-28",1,1,1,5.5,1,28176,67936,416347,1494,279,125,2300
"219",2,"2023-01-19","2023-01-26",1,1,1,2.5,1,28176,67936,416347,1494,279,69,1450
"220",2,"2021-11-09","2022-01-25",1,1,1,3.5,1,28176,67936,416347,1494,279,113,1970
"221",2,"2022-04-12","2022-04-18",1,2,1,4.5,4,28176,67936,416347,1494,279,121,2180
"222",2,"2022-04-29","2022-07-29",1,1,1,4,1,28176,67936,416347,1494,279,85,1200
"223",2,"2022-04-26","2022-07-29",1,1,1,3,1,28176,67936,416347,1494,279,75,950
"224",2,"2022-09-24","2022-10-07",1,1,1,3.5,1,28176,67936,416347,1494,279,107,2180
"225",2,"2022-02-17","2022-04-25",1,1,1,3.5,1,28176,67936,416347,1494,279,86,1670
"226",2,"2022-08-27","2022-08-27",1,1,1,2.5,1,28176,67936,416347,1494,279,65,700
"227",2,"2021-05-18","2022-01-21",1,1,1,5.5,1,28176,67936,416347,1494,279,125,2330
"228",2,"2022-07-04","2022-07-13",1,1,1,3,1,28176,67936,416347,1494,279,59,1320
"229",3,"2022-06-16","2022-06-29",1,1,1,1.5,1,149004,96359,1553423,1729,898,32,1069
"230",3,"2022-08-27","2022-08-27",1,1,1,2.5,1,149004,96359,1553423,1729,898,61,700
"231",3,"2022-06-29","2022-07-17",1,2,1,5.5,2,149004,96359,1553423,1729,898,137,1990
"232",3,"2022-08-27","2022-08-27",1,1,1,2.5,1,149004,96359,1553423,1729,898,67,750
"233",3,"2022-08-27","2022-08-29",1,1,1,4.5,1,149004,96359,1553423,1729,898,115,900
"234",3,"2022-11-01","2022-11-02",1,2,1,2.5,2,149004,96359,1553423,1729,898,65,2880
"235",3,"2022-07-25","2022-09-05",1,1,1,2.5,1,149004,96359,1553423,1729,898,62,1530
"236",3,"2022-10-24","2022-11-02",1,1,1,4.5,1,149004,96359,1553423,1729,898,70,1769
"237",3,"2022-04-05","2022-04-07",1,2,1,1,2,149004,96359,1553423,1729,898,30,1080
"238",3,"2022-08-27","2022-08-27",1,1,1,4.5,1,149004,96359,1553423,1729,898,115,1400
"239",3,"2021-08-04","2021-08-19",1,2,1,3.5,3,149004,96359,1553423,1729,898,80,1550
"240",3,"2022-03-21","2022-03-23",1,2,1,3,3,149004,96359,1553423,1729,898,55,1300
"241",3,"2022-10-08","2022-10-08",1,1,1,3.5,1,149004,96359,1553423,1729,898,100,900
"242",3,"2022-10-12","2022-10-13",1,1,1,2,1,149004,96359,1553423,1729,898,62,2940
"243",3,"2022-08-27","2022-08-27",1,1,1,3.5,1,149004,96359,1553423,1729,898,108,900
"244",3,"2021-04-19","2021-06-15",1,2,1,5.5,3,149004,96359,1553423,1729,898,140,3100
"245",3,"2022-10-08","2022-10-08",1,1,1,3.5,1,149004,96359,1553423,1729,898,98,825
"246",3,"2022-11-05","2022-11-05",1,1,1,2.5,1,149004,96359,1553423,1729,898,70,750
"247",3,"2021-09-03","2021-09-13",1,2,1,4.5,2,149004,96359,1553423,1729,898,120,2280
"248",3,"2022-08-27","2022-08-29",1,1,1,3.5,1,149004,96359,1553423,1729,898,111,900
"249",3,"2022-10-27","2022-10-29",1,2,1,3,2,149004,96359,1553423,1729,898,66,1493
"250",3,"2022-05-09","2022-06-02",1,1,1,2.5,1,149004,96359,1553423,1729,898,61,1139
"251",3,"2022-05-09","2022-06-14",1,2,2,7.5,4,149004,96359,1553423,1729,898,178,5200
"252",3,"2022-10-08","2022-10-08",1,1,1,1.5,1,149004,96359,1553423,1729,898,45,600
"253",3,"2022-04-05","2022-04-05",1,1,1,3,1,149004,96359,1553423,1729,898,64,2900
"254",3,"2022-04-26","2022-05-18",1,2,1,3.5,3,149004,96359,1553423,1729,898,100,1550
"255",3,"2022-05-11","2022-05-17",1,2,1,4.5,2,149004,96359,1553423,1729,898,120,2495
"256",3,"2021-05-20","2021-06-30",1,2,1,2,2,149004,96359,1553423,1729,898,58,1540
"257",3,"2021-09-17","2021-09-23",1,2,1,4.5,4,149004,96359,1553423,1729,898,103,3300
"258",3,"2021-05-13","2021-06-11",1,2,2,6.5,3,149004,96359,1553423,1729,898,180,5600
"259",3,"2022-08-27","2022-08-27",1,1,1,4.5,1,149004,96359,1553423,1729,898,115,700
"260",3,"2022-07-29","2022-09-09",1,1,1,5.5,1,149004,96359,1553423,1729,898,95,2090
"261",3,"2022-07-07","2022-07-13",1,1,1,4.5,1,149004,96359,1553423,1729,898,103,2770
"262",3,"2021-06-29","2021-07-10",1,2,1,3.5,4,149004,96359,1553423,1729,898,100,1980
"263",3,"2022-05-17","2022-05-20",1,1,1,3.5,1,149004,96359,1553423,1729,898,63,1960
"264",3,"2022-11-05","2022-11-05",1,1,1,1.5,1,149004,96359,1553423,1729,898,46,900
"265",3,"2021-11-09","2021-11-19",1,1,1,3.5,1,149004,96359,1553423,1729,898,65,1650
"266",3,"2022-10-17","2022-10-20",1,1,1,4.5,1,149004,96359,1553423,1729,898,90,1950
"267",3,"2022-08-18","2022-08-18",1,1,1,4.5,1,149004,96359,1553423,1729,898,96,2380
"268",3,"2022-05-09","2022-05-19",1,1,1,3.5,1,149004,96359,1553423,1729,898,90,1930
"269",3,"2022-04-08","2022-04-19",1,1,1,2.5,1,149004,96359,1553423,1729,898,59,1457
"270",3,"2022-06-29","2022-07-12",1,2,1,5.5,2,149004,96359,1553423,1729,898,116,1890
"271",3,"2022-07-01","2022-08-25",1,1,1,4.5,1,149004,96359,1553423,1729,898,160,2715
"272",3,"2021-12-31","2022-01-02",1,1,1,2,1,149004,96359,1553423,1729,898,50,920
"273",3,"2023-01-04","2023-01-04",1,1,1,4.5,1,149004,96359,1553423,1729,898,105,1990
"274",3,"2023-01-23","2023-01-23",1,1,1,2.5,1,149004,96359,1553423,1729,898,56,2180
"275",3,"2022-11-05","2022-11-05",1,1,1,4.5,1,149004,96359,1553423,1729,898,116,2100
"276",3,"2022-06-11","2022-07-04",1,2,1,2,4,149004,96359,1553423,1729,898,55,1458
"277",3,"2022-05-17","2022-05-17",1,1,1,4,1,149004,96359,1553423,1729,898,101,1730
"278",3,"2022-08-27","2022-08-29",1,1,1,4.5,1,149004,96359,1553423,1729,898,115,1000
"279",3,"2022-10-14","2022-11-05",1,1,2,7,1,149004,96359,1553423,1729,898,1000,7800
"280",3,"2022-10-12","2022-10-13",1,1,1,3,1,149004,96359,1553423,1729,898,76,2970
"281",3,"2022-08-13","2022-08-13",1,1,1,3.5,1,149004,96359,1553423,1729,898,98,1200
"282",3,"2022-08-27","2022-08-29",1,1,1,4.5,1,149004,96359,1553423,1729,898,117,900
"283",3,"2022-09-16","2022-09-28",1,1,1,2.5,1,149004,96359,1553423,1729,898,68,2850
"284",3,"2021-10-01","2021-10-25",1,1,1,3.5,1,149004,96359,1553423,1729,898,88,1713
"285",3,"2022-03-13","2022-11-30",1,2,1,4.5,4,149004,96359,1553423,1729,898,127,3918
"286",3,"2022-11-05","2022-11-05",1,1,1,4.5,1,149004,96359,1553423,1729,898,115,1600
"287",3,"2022-05-30","2022-07-14",1,2,1,2.5,2,149004,96359,1553423,1729,898,60,2650
"288",3,"2022-08-27","2022-08-27",1,1,1,4.5,1,149004,96359,1553423,1729,898,117,700
"289",3,"2022-08-27","2022-08-27",1,1,1,2.5,1,149004,96359,1553423,1729,898,65,700
"290",3,"2022-11-05","2022-11-05",1,1,1,4.5,1,149004,96359,1553423,1729,898,122,1000
"291",3,"2022-10-08","2022-10-08",1,1,1,4.5,1,149004,96359,1553423,1729,898,120,1100
"292",3,"2023-01-28","2023-01-28",1,1,1,3.5,1,149004,96359,1553423,1729,898,100,1000
"293",3,"2021-04-16","2021-04-29",1,1,1,3.5,1,149004,96359,1553423,1729,898,108,1980
"294",3,"2022-12-20","2022-12-20",1,1,1,4.5,1,149004,96359,1553423,1729,898,123,2850
"295",3,"2022-11-05","2022-11-05",1,1,1,4.5,1,149004,96359,1553423,1729,898,122,1000
"296",3,"2022-08-13","2022-08-13",1,1,1,1.5,1,149004,96359,1553423,1729,898,42,930
"297",3,"2021-07-01","2021-08-20",1,2,1,1.5,4,149004,96359,1553423,1729,898,30,1295
"298",3,"2022-10-18","2022-11-08",1,1,1,4.5,1,149004,96359,1553423,1729,898,113,5500
"299",3,"2021-05-06","2021-05-28",1,2,1,2,4,149004,96359,1553423,1729,898,42,1100
"300",3,"2021-10-11","2021-10-12",1,2,1,2,3,149004,96359,1553423,1729,898,54,1895
"301",3,"2021-08-26","2021-09-29",1,2,1,4.5,3,149004,96359,1553423,1729,898,90,1485
"302",3,"2022-08-27","2022-08-27",1,1,1,2.5,1,149004,96359,1553423,1729,898,64,920
"303",3,"2022-07-22","2022-07-28",1,1,1,3.5,1,149004,96359,1553423,1729,898,72,1580
"304",3,"2022-10-08","2022-10-08",1,1,1,3.5,1,149004,96359,1553423,1729,898,98,720
"305",3,"2022-10-08","2022-10-08",1,1,1,4.5,1,149004,96359,1553423,1729,898,120,1000
"306",3,"2022-04-26","2022-04-29",1,1,1,2,1,149004,96359,1553423,1729,898,48,1280
"307",3,"2022-11-15","2022-12-05",1,2,1,3.5,4,149004,96359,1553423,1729,898,72,1652
"308",3,"2022-07-29","2022-08-29",1,1,1,3,1,149004,96359,1553423,1729,898,54,1074
"309",3,"2022-10-08","2022-10-08",1,1,1,3.5,1,149004,96359,1553423,1729,898,96,920
"310",3,"2022-04-04","2022-04-07",1,1,1,4.5,1,149004,96359,1553423,1729,898,163,7150
"311",3,"2022-08-27","2022-08-27",1,1,1,3.5,1,149004,96359,1553423,1729,898,105,900
"312",3,"2022-02-07","2022-03-07",1,2,1,3,3,149004,96359,1553423,1729,898,60,1670
"313",3,"2021-09-24","2021-10-27",1,2,1,3.5,4,149004,96359,1553423,1729,898,75,1552
"314",3,"2022-08-13","2022-08-13",1,1,1,3.5,1,149004,96359,1553423,1729,898,98,1100
"315",3,"2022-01-03","2022-01-09",1,2,1,5.5,3,149004,96359,1553423,1729,898,105,2850
"316",3,"2022-06-02","2022-06-16",1,1,1,3.5,1,149004,96359,1553423,1729,898,96,2520
"317",3,"2021-09-07","2021-12-06",1,2,1,3.5,2,149004,96359,1553423,1729,898,75,1400
"318",3,"2021-07-26","2021-08-14",1,2,1,3.5,2,149004,96359,1553423,1729,898,88,2695
"319",3,"2022-06-30","2022-09-21",1,2,1,2,2,149004,96359,1553423,1729,898,55,1500
"320",3,"2022-04-19","2022-04-22",1,1,1,3,1,149004,96359,1553423,1729,898,75,3250
"321",3,"2022-08-13","2022-08-13",1,1,1,3.5,1,149004,96359,1553423,1729,898,98,1000
"322",3,"2022-08-13","2022-08-13",1,1,1,3.5,1,149004,96359,1553423,1729,898,98,1000
"323",3,"2022-08-27","2022-08-27",1,1,1,1.5,1,149004,96359,1553423,1729,898,42,600
"324",3,"2022-12-22","2022-12-22",1,1,1,6.5,1,149004,96359,1553423,1729,898,183,6950
"325",3,"2021-06-20","2021-07-10",1,2,1,5.5,2,149004,96359,1553423,1729,898,128,3225
"326",3,"2021-07-18","2021-07-31",1,2,1,3.5,2,149004,96359,1553423,1729,898,85,1590
"327",3,"2022-08-03","2022-08-04",1,1,1,1.5,1,149004,96359,1553423,1729,898,75,1350
"328",3,"2022-05-18","2022-05-24",1,1,1,4,1,149004,96359,1553423,1729,898,101,1730
"329",3,"2022-06-01","2022-09-29",1,1,1,4.5,1,149004,96359,1553423,1729,898,115,2580
"330",3,"2022-09-05","2022-09-26",1,1,1,4,1,149004,96359,1553423,1729,898,72,1245
"331",3,"2022-08-27","2022-08-27",1,1,1,4.5,1,149004,96359,1553423,1729,898,118,700
"332",3,"2021-03-30","2021-05-09",1,2,1,3.5,2,149004,96359,1553423,1729,898,74,1805
"333",3,"2022-08-13","2022-08-13",1,1,1,3.5,1,149004,96359,1553423,1729,898,98,1000
"334",3,"2022-03-23","2022-06-28",1,1,1,2.5,1,149004,96359,1553423,1729,898,64,1490
"335",3,"2021-03-11","2021-04-28",1,2,1,4.5,2,149004,96359,1553423,1729,898,123,2190
"336",3,"2021-09-13","2021-09-24",1,2,1,1,4,149004,96359,1553423,1729,898,37,1800
"337",3,"2022-11-05","2022-11-05",1,1,1,3.5,1,149004,96359,1553423,1729,898,100,950
"338",3,"2022-05-28","2022-06-20",1,2,1,2.5,2,149004,96359,1553423,1729,898,80,1865
"339",3,"2022-07-11","2022-07-22",1,2,1,2.5,4,149004,96359,1553423,1729,898,55,1504
"340",3,"2022-08-13","2022-08-13",1,1,1,2.5,1,149004,96359,1553423,1729,898,66,900
"341",3,"2022-08-27","2022-08-27",1,1,1,2.5,1,149004,96359,1553423,1729,898,65,920
"342",3,"2022-08-13","2022-08-13",1,1,1,2.5,1,149004,96359,1553423,1729,898,66,900
"343",3,"2021-03-28","2021-04-03",1,2,1,1,3,149004,96359,1553423,1729,898,24,1080
"344",3,"2022-08-12","2022-09-30",1,1,1,3.5,1,149004,96359,1553423,1729,898,86,3550
"345",3,"2022-04-19","2022-04-27",1,1,1,3.5,1,149004,96359,1553423,1729,898,102,2920
"346",3,"2022-08-13","2022-08-13",1,1,1,2.5,1,149004,96359,1553423,1729,898,67,1000
"347",3,"2022-06-07","2022-06-13",1,1,1,1,1,149004,96359,1553423,1729,898,34,1150
"348",3,"2022-08-13","2022-08-13",1,1,1,3.5,1,149004,96359,1553423,1729,898,98,700
"349",3,"2021-11-18","2021-11-26",1,2,1,2.5,4,149004,96359,1553423,1729,898,69,1538
"350",3,"2022-08-27","2022-08-27",1,1,1,2.5,1,149004,96359,1553423,1729,898,67,700
"351",3,"2022-08-13","2022-08-13",1,1,1,3.5,1,149004,96359,1553423,1729,898,98,800
"352",3,"2022-06-17","2022-06-28",1,1,1,3,1,149004,96359,1553423,1729,898,118,3550
"353",3,"2022-02-08","2022-02-17",1,1,1,3,1,149004,96359,1553423,1729,898,75,1475
"354",3,"2022-01-19","2022-01-19",1,2,1,3,3,149004,96359,1553423,1729,898,68,1365
"355",3,"2022-05-10","2022-06-09",1,2,2,5.5,3,149004,96359,1553423,1729,898,180,4090
"356",3,"2022-02-13","2022-03-02",1,2,1,3.5,3,149004,96359,1553423,1729,898,62,1680
"357",3,"2022-08-27","2022-08-27",1,1,1,3.5,1,149004,96359,1553423,1729,898,112,800
"358",3,"2021-12-14","2021-12-19",1,2,1,3,2,149004,96359,1553423,1729,898,67,1800
"359",3,"2023-01-28","2023-01-28",1,1,1,4.5,1,149004,96359,1553423,1729,898,125,1200
"360",3,"2022-05-05","2022-05-09",1,1,1,3,1,149004,96359,1553423,1729,898,68,1534
"361",3,"2022-08-27","2022-08-27",1,1,1,2.5,1,149004,96359,1553423,1729,898,66,910
"362",3,"2022-11-04","2022-11-08",1,1,1,4,1,149004,96359,1553423,1729,898,85,1990
"363",3,"2022-09-26","2022-10-10",1,1,1,2.5,1,149004,96359,1553423,1729,898,74,1700
"364",3,"2022-08-13","2022-08-13",1,1,1,3.5,1,149004,96359,1553423,1729,898,98,1200
"365",3,"2021-08-02","2021-08-06",1,2,1,2,3,149004,96359,1553423,1729,898,43,1090
"366",3,"2022-08-19","2022-08-22",1,1,1,1.5,1,149004,96359,1553423,1729,898,47,1500
"367",3,"2022-08-27","2022-08-27",1,1,1,3.5,1,149004,96359,1553423,1729,898,103,700
"368",3,"2021-05-01","2021-05-01",1,2,2,7,2,149004,96359,1553423,1729,898,200,2800
"369",3,"2022-08-13","2022-08-13",1,1,1,2.5,1,149004,96359,1553423,1729,898,65,1030
"370",3,"2022-07-21","2022-08-15",1,1,1,2.5,1,149004,96359,1553423,1729,898,99,1690
"371",3,"2022-06-08","2022-06-09",1,1,1,3.5,1,149004,96359,1553423,1729,898,106,2630
"372",3,"2022-03-07","2022-03-09",1,2,1,1,3,149004,96359,1553423,1729,898,20,1150
"373",3,"2022-10-08","2022-10-08",1,1,1,4.5,1,149004,96359,1553423,1729,898,119,920
"374",3,"2022-10-08","2022-10-08",1,1,1,2.5,1,149004,96359,1553423,1729,898,45,500
"375",3,"2022-08-13","2022-08-13",1,1,1,3.5,1,149004,96359,1553423,1729,898,98,800
"376",3,"2021-11-19","2022-02-09",1,2,1,5.5,4,149004,96359,1553423,1729,898,170,3166
"377",3,"2022-11-05","2022-11-05",1,1,1,4.5,1,149004,96359,1553423,1729,898,122,2000
"378",3,"2022-06-30","2022-07-20",1,1,2,5.5,1,149004,96359,1553423,1729,898,200,5200
"379",3,"2022-07-30","2022-09-06",1,2,1,2,4,149004,96359,1553423,1729,898,48,1195
"380",3,"2022-08-27","2022-08-27",1,1,1,3.5,1,149004,96359,1553423,1729,898,112,800
"381",3,"2022-10-08","2022-10-08",1,1,1,4.5,1,149004,96359,1553423,1729,898,119,1000
"382",3,"2021-08-24","2021-12-04",1,2,1,4.5,2,149004,96359,1553423,1729,898,145,3950
"383",3,"2022-01-15","2022-02-15",1,2,1,3.5,3,149004,96359,1553423,1729,898,110,1965
"384",3,"2022-10-14","2022-11-03",1,2,1,3.5,4,149004,96359,1553423,1729,898,100,4300
"385",3,"2022-07-06","2022-08-18",1,1,1,1,1,149004,96359,1553423,1729,898,27,995
"386",3,"2022-09-16","2022-10-10",1,1,1,2.5,1,149004,96359,1553423,1729,898,83,3850
"387",3,"2023-01-28","2023-01-28",1,1,1,2.5,1,149004,96359,1553423,1729,898,67,1000
"388",3,"2023-01-09","2023-01-12",1,1,1,2,1,149004,96359,1553423,1729,898,56,1435
"389",3,"2022-11-05","2022-11-05",1,1,1,2.5,1,149004,96359,1553423,1729,898,68,650
"390",3,"2022-10-08","2022-10-08",1,1,1,2.5,1,149004,96359,1553423,1729,898,70,800
"391",3,"2022-04-07","2022-04-08",1,1,1,2,1,149004,96359,1553423,1729,898,50,1500
"392",3,"2021-07-02","2021-08-13",1,2,1,4.5,4,149004,96359,1553423,1729,898,130,2195
"393",3,"2022-10-08","2022-10-08",1,1,1,4.5,1,149004,96359,1553423,1729,898,118,1000
"394",3,"2022-08-13","2022-08-13",1,1,1,1.5,1,149004,96359,1553423,1729,898,46,900
"395",3,"2022-09-27","2022-11-17",1,1,1,4.5,1,149004,96359,1553423,1729,898,165,2350
"396",3,"2022-11-21","2022-11-25",1,2,2,6.5,2,149004,96359,1553423,1729,898,200,7200
"397",3,"2023-01-28","2023-01-28",1,1,1,3.5,1,149004,96359,1553423,1729,898,98,1000
"398",3,"2022-01-13","2022-01-28",1,2,1,2,4,149004,96359,1553423,1729,898,59,1200
"399",3,"2021-04-12","2021-06-07",1,2,1,3,2,149004,96359,1553423,1729,898,70,1620
"400",3,"2021-10-22","2021-10-27",1,2,1,3.5,4,149004,96359,1553423,1729,898,70,1840
"401",3,"2022-05-09","2022-05-17",1,1,1,3,1,149004,96359,1553423,1729,898,63,1395
"402",3,"2022-08-13","2022-08-13",1,1,1,3.5,1,149004,96359,1553423,1729,898,98,800
"403",3,"2022-08-27","2022-08-27",1,1,1,3.5,1,149004,96359,1553423,1729,898,112,900
"404",3,"2023-01-28","2023-01-28",1,1,1,3.5,1,149004,96359,1553423,1729,898,94,1000
"405",3,"2023-01-05","2023-01-12",1,1,1,5.5,1,149004,96359,1553423,1729,898,156,2415
"406",3,"2022-11-11","2022-12-26",1,1,1,2,1,149004,96359,1553423,1729,898,48,1540
"407",3,"2022-08-13","2022-08-13",1,1,1,2,1,149004,96359,1553423,1729,898,44,600
"408",3,"2023-01-02","2023-01-11",1,2,1,3.5,2,149004,96359,1553423,1729,898,75,1552
"409",3,"2022-09-20","2022-10-21",1,1,1,2.5,1,149004,96359,1553423,1729,898,60,2250
"410",3,"2022-06-02","2022-06-16",1,2,2,5.5,3,149004,96359,1553423,1729,898,145,2200
"411",3,"2022-12-21","2022-12-21",1,1,1,2,1,149004,96359,1553423,1729,898,60,1590
"412",3,"2022-08-13","2022-08-13",1,1,1,3.5,1,149004,96359,1553423,1729,898,98,1000
"413",3,"2021-07-19","2021-07-22",1,2,1,1,2,149004,96359,1553423,1729,898,28,1015
"414",3,"2022-08-13","2022-08-13",1,1,1,3.5,1,149004,96359,1553423,1729,898,98,800
"415",3,"2022-04-04","2022-04-07",1,1,1,2.5,1,149004,96359,1553423,1729,898,45,2075
"416",3,"2022-10-08","2022-10-08",1,1,1,2.5,1,149004,96359,1553423,1729,898,67,690
"417",3,"2022-05-24","2022-06-07",1,1,1,3.5,1,149004,96359,1553423,1729,898,106,2630
"418",3,"2022-08-13","2022-08-13",1,1,1,3.5,1,149004,96359,1553423,1729,898,98,800
"419",3,"2023-01-05","2023-01-18",1,1,2,5.5,1,149004,96359,1553423,1729,898,135,3400
"420",3,"2022-08-27","2022-08-27",1,1,1,4.5,1,149004,96359,1553423,1729,898,115,800
"421",3,"2022-11-05","2022-11-05",1,1,1,1.5,1,149004,96359,1553423,1729,898,45,550
"422",3,"2022-09-07","2022-09-14",1,2,1,3.5,4,149004,96359,1553423,1729,898,123,2400
"423",3,"2022-11-30","2022-12-09",1,1,1,3.5,1,149004,96359,1553423,1729,898,72,1940
"424",3,"2022-08-27","2022-08-27",1,1,1,2.5,1,149004,96359,1553423,1729,898,67,750
"425",3,"2022-08-25","2022-09-01",1,1,1,3.5,1,149004,96359,1553423,1729,898,93,2705
"426",3,"2022-10-08","2022-10-08",1,1,1,4.5,1,149004,96359,1553423,1729,898,118,1050
"427",3,"2022-10-12","2022-10-19",1,2,1,2.5,4,149004,96359,1553423,1729,898,62,1700
"428",3,"2022-02-10","2022-03-17",1,1,1,2.5,1,149004,96359,1553423,1729,898,50,1385
"429",3,"2022-08-09","2022-08-25",1,1,1,3.5,1,149004,96359,1553423,1729,898,130,2070
"430",3,"2022-10-08","2022-10-08",1,1,1,3.5,1,149004,96359,1553423,1729,898,97,970
"431",3,"2022-11-24","2022-11-24",1,1,1,3.5,1,149004,96359,1553423,1729,898,110,2845
"432",3,"2022-08-13","2022-08-13",1,1,1,3.5,1,149004,96359,1553423,1729,898,97,1100
"433",3,"2022-10-08","2022-10-08",1,1,1,3.5,1,149004,96359,1553423,1729,898,98,900
"434",3,"2022-06-30","2022-09-23",1,2,1,5.5,4,149004,96359,1553423,1729,898,140,2560
"435",3,"2022-11-21","2022-11-27",1,2,1,3.5,2,149004,96359,1553423,1729,898,105,2893
"436",3,"2022-10-05","2022-10-24",1,1,1,5.5,1,149004,96359,1553423,1729,898,115,4310
"437",3,"2022-10-04","2022-10-12",1,1,1,3,1,149004,96359,1553423,1729,898,90,2490
"438",3,"2022-08-13","2022-08-13",1,1,1,2.5,1,149004,96359,1553423,1729,898,67,700
"439",3,"2022-10-08","2022-10-08",1,1,1,3.5,1,149004,96359,1553423,1729,898,99,920
"440",3,"2022-08-27","2022-08-27",1,1,1,2.5,1,149004,96359,1553423,1729,898,66,600
"441",3,"2021-06-24","2021-06-28",1,2,1,3,4,149004,96359,1553423,1729,898,65,1400
"442",3,"2022-08-27","2022-08-27",1,1,1,1.5,1,149004,96359,1553423,1729,898,42,600
"443",3,"2022-02-02","2022-02-04",1,2,1,1.5,2,149004,96359,1553423,1729,898,27,1280
"444",3,"2022-11-05","2022-11-05",1,1,1,1.5,1,149004,96359,1553423,1729,898,47,850
"445",3,"2022-08-27","2022-08-27",1,1,1,1.5,1,149004,96359,1553423,1729,898,42,820
"446",3,"2023-01-28","2023-01-28",1,1,1,4.5,1,149004,96359,1553423,1729,898,125,1200
"447",3,"2022-08-27","2022-08-27",1,1,1,3.5,1,149004,96359,1553423,1729,898,98,1000
"448",3,"2021-04-07","2021-04-09",1,2,1,2,4,149004,96359,1553423,1729,898,60,980
"449",3,"2022-08-13","2022-08-13",1,1,1,2.5,1,149004,96359,1553423,1729,898,68,700
"450",3,"2022-06-14","2022-06-30",1,1,1,4.5,1,149004,96359,1553423,1729,898,90,2550
"451",3,"2021-08-19","2021-09-16",1,2,1,3.5,3,149004,96359,1553423,1729,898,80,2240
"452",3,"2021-04-07","2021-04-09",1,2,1,3.5,3,149004,96359,1553423,1729,898,82,3370
"453",3,"2021-07-13","2021-07-25",1,2,1,4.5,2,149004,96359,1553423,1729,898,130,4150
"454",3,"2022-08-13","2022-08-13",1,1,1,1.5,1,149004,96359,1553423,1729,898,44,950
"455",3,"2021-11-20","2021-12-04",1,2,1,1.5,2,149004,96359,1553423,1729,898,25,1200
"456",3,"2022-08-27","2022-08-29",1,1,1,3.5,1,149004,96359,1553423,1729,898,102,900
"457",3,"2021-07-05","2021-07-21",1,2,1,2.5,2,149004,96359,1553423,1729,898,50,1290
"458",3,"2022-08-27","2022-08-27",1,1,1,4.5,1,149004,96359,1553423,1729,898,115,1500
"459",3,"2022-11-15","2023-01-05",1,1,1,5.5,1,149004,96359,1553423,1729,898,172,4390
"460",3,"2022-08-27","2022-08-29",1,1,1,3.5,1,149004,96359,1553423,1729,898,112,900
"461",3,"2022-11-05","2022-11-05",1,1,1,2.5,1,149004,96359,1553423,1729,898,68,1000
"462",3,"2022-05-24","2022-06-06",1,2,1,3.5,4,149004,96359,1553423,1729,898,98,2170
"463",3,"2021-04-20","2021-06-24",1,2,1,3,4,149004,96359,1553423,1729,898,59,1630
"464",3,"2022-03-24","2022-04-05",1,2,1,3.5,4,149004,96359,1553423,1729,898,90,3230
"465",3,"2022-10-08","2022-10-08",1,1,1,4.5,1,149004,96359,1553423,1729,898,120,920
"466",3,"2021-06-29","2021-06-30",1,2,1,4,4,149004,96359,1553423,1729,898,92,2320
"467",3,"2021-12-06","2021-12-10",1,2,1,3,4,149004,96359,1553423,1729,898,67,2400
"468",3,"2022-12-31","2023-01-24",1,1,1,3.5,1,149004,96359,1553423,1729,898,120,1998
"469",3,"2022-04-29","2022-05-12",1,1,1,3.5,1,149004,96359,1553423,1729,898,60,1880
"470",3,"2022-11-28","2022-11-28",1,1,1,3.5,1,149004,96359,1553423,1729,898,99,4400
"471",3,"2021-05-01","2021-05-14",1,2,1,3.5,4,149004,96359,1553423,1729,898,85,2220
"472",3,"2022-06-14","2022-06-14",1,1,1,4.5,1,149004,96359,1553423,1729,898,78,1965
"473",3,"2022-08-13","2022-08-13",1,1,1,3.5,1,149004,96359,1553423,1729,898,99,750
"474",3,"2022-06-02","2022-06-03",1,1,1,4.5,1,149004,96359,1553423,1729,898,110,2940
"475",3,"2021-08-16","2021-09-07",1,1,1,2,1,149004,96359,1553423,1729,898,58,1317
"476",3,"2022-03-17","2022-03-18",1,2,1,3.5,3,149004,96359,1553423,1729,898,90,2150
"477",3,"2022-10-08","2022-10-08",1,1,1,3.5,1,149004,96359,1553423,1729,898,97,800
"478",3,"2022-08-27","2022-08-27",1,1,1,2.5,1,149004,96359,1553423,1729,898,65,750
"479",3,"2022-11-05","2022-11-05",1,1,1,2.5,1,149004,96359,1553423,1729,898,70,650
"480",3,"2021-04-28","2021-06-28",1,2,1,3.5,3,149004,96359,1553423,1729,898,116,1951
"481",3,"2022-11-05","2022-11-05",1,1,1,3.5,1,149004,96359,1553423,1729,898,100,950
"482",3,"2022-10-08","2022-10-08",1,1,1,4.5,1,149004,96359,1553423,1729,898,120,900
"483",3,"2022-08-27","2022-08-27",1,1,1,3.5,1,149004,96359,1553423,1729,898,110,1000
"484",3,"2021-07-13","2021-07-24",1,2,1,3.5,2,149004,96359,1553423,1729,898,92,1460
"485",3,"2022-11-05","2022-11-05",1,1,1,4.5,1,149004,96359,1553423,1729,898,121,1100
"486",3,"2021-11-19","2021-11-25",1,2,1,3.5,4,149004,96359,1553423,1729,898,75,2500
"487",3,"2023-01-28","2023-01-28",1,1,1,2.5,1,149004,96359,1553423,1729,898,68,900
"488",3,"2022-08-27","2022-08-27",1,1,1,2.5,1,149004,96359,1553423,1729,898,65,900
"489",3,"2021-06-21","2021-07-22",1,1,1,2.5,1,149004,96359,1553423,1729,898,51,2060
"490",3,"2022-04-05","2022-05-16",1,2,1,3,2,149004,96359,1553423,1729,898,74,1690
"491",3,"2022-11-05","2022-11-05",1,1,1,3.5,1,149004,96359,1553423,1729,898,100,950
"492",3,"2021-06-15","2021-06-25",1,2,1,3.5,4,149004,96359,1553423,1729,898,80,3100
"493",3,"2022-04-29","2022-05-20",1,1,1,2,1,149004,96359,1553423,1729,898,56,1390
"494",3,"2022-11-05","2022-11-05",1,1,1,2.5,1,149004,96359,1553423,1729,898,65,700
"495",3,"2021-03-26","2021-04-09",1,2,1,5.5,3,149004,96359,1553423,1729,898,121,2410
"496",3,"2022-04-27","2022-05-18",1,1,1,2.5,1,149004,96359,1553423,1729,898,54,1150
"497",3,"2022-07-03","2022-07-22",1,2,1,3.5,4,149004,96359,1553423,1729,898,105,2260
"498",3,"2021-08-22","2021-10-05",1,2,1,3.5,4,149004,96359,1553423,1729,898,60,1950
"499",3,"2022-10-12","2022-10-13",1,1,1,3,1,149004,96359,1553423,1729,898,79,2990
"500",3,"2022-08-13","2022-08-13",1,1,1,3.5,1,149004,96359,1553423,1729,898,98,1200
"501",3,"2021-08-28","2021-11-24",1,2,1,5,2,149004,96359,1553423,1729,898,140,2190
"502",3,"2021-11-29","2021-12-09",1,2,1,3,4,149004,96359,1553423,1729,898,80,1620
"503",3,"2022-08-27","2022-08-27",1,1,1,4.5,1,149004,96359,1553423,1729,898,117,700
"504",3,"2021-05-27","2021-05-30",1,2,1,2,2,149004,96359,1553423,1729,898,50,1516
"505",3,"2022-04-20","2022-05-06",1,1,1,3.5,1,149004,96359,1553423,1729,898,68,1695
"506",3,"2022-11-05","2022-11-05",1,1,1,4.5,1,149004,96359,1553423,1729,898,121,1000
"507",3,"2022-04-09","2022-04-15",1,2,2,6.5,3,149004,96359,1553423,1729,898,180,4150
"508",3,"2022-09-07","2022-09-11",1,2,1,4.5,4,149004,96359,1553423,1729,898,127,3770
"509",3,"2022-10-08","2022-10-08",1,1,1,2.5,1,149004,96359,1553423,1729,898,68,750
"510",3,"2022-05-31","2023-01-20",1,1,1,2.5,1,149004,96359,1553423,1729,898,81,3410
"511",3,"2021-04-24","2021-04-26",1,2,1,3.5,4,149004,96359,1553423,1729,898,131,3535
"512",3,"2021-08-05","2021-10-07",1,2,2,5.5,3,149004,96359,1553423,1729,898,145,4200
"513",3,"2021-05-31","2021-10-18",1,2,1,1.5,3,149004,96359,1553423,1729,898,36,1280
"514",3,"2022-08-13","2022-08-13",1,1,1,3.5,1,149004,96359,1553423,1729,898,98,1000
"515",3,"2022-08-13","2022-08-13",1,1,1,2.5,1,149004,96359,1553423,1729,898,68,1000
"516",3,"2022-03-25","2022-04-22",1,1,1,2.5,1,149004,96359,1553423,1729,898,66,1350
"517",3,"2023-01-28","2023-01-28",1,1,1,4.5,1,149004,96359,1553423,1729,898,127,1500
"518",3,"2021-04-22","2021-07-23",1,2,1,2.5,2,149004,96359,1553423,1729,898,60,2100
"519",3,"2022-07-29","2022-08-02",1,1,1,4,1,149004,96359,1553423,1729,898,81,1595
"520",3,"2022-11-05","2022-11-05",1,1,1,3.5,1,149004,96359,1553423,1729,898,100,1100
"521",3,"2022-11-05","2022-11-05",1,1,1,2.5,1,149004,96359,1553423,1729,898,67,700
"522",3,"2022-11-05","2022-11-05",1,1,1,2.5,1,149004,96359,1553423,1729,898,74,750
"523",3,"2021-05-21","2021-05-22",1,2,1,4,2,149004,96359,1553423,1729,898,90,2659
"524",3,"2022-09-05","2022-10-17",1,2,1,3,3,149004,96359,1553423,1729,898,67,1780
"525",3,"2021-05-17","2021-07-27",1,2,1,2.5,4,149004,96359,1553423,1729,898,70,2750
"526",3,"2022-01-04","2022-01-22",1,2,1,2.5,2,149004,96359,1553423,1729,898,64,2100
"527",3,"2023-01-28","2023-01-28",1,1,1,3.5,1,149004,96359,1553423,1729,898,100,1000
"528",3,"2022-04-05","2022-05-09",1,1,2,6.5,1,149004,96359,1553423,1729,898,232,5800
"529",3,"2021-03-05","2021-03-30",1,1,1,4.5,1,149004,96359,1553423,1729,898,100,2195
"530",3,"2023-01-28","2023-01-28",1,1,1,3.5,1,149004,96359,1553423,1729,898,97,1000
"531",3,"2022-08-13","2022-08-13",1,1,1,2.5,1,149004,96359,1553423,1729,898,65,700
"532",3,"2023-01-28","2023-01-28",1,1,1,2.5,1,149004,96359,1553423,1729,898,68,1050
"533",3,"2021-05-01","2021-05-02",1,2,1,2,2,149004,96359,1553423,1729,898,46,1245
"534",3,"2021-11-17","2022-03-24",1,2,1,3.5,3,149004,96359,1553423,1729,898,90,2400
"535",3,"2022-07-08","2022-08-02",1,1,1,2.5,1,149004,96359,1553423,1729,898,60,1480
"536",3,"2022-02-21","2022-04-11",1,2,1,4.5,2,149004,96359,1553423,1729,898,112,2450
"537",3,"2022-12-13","2022-12-22",1,2,2,3,4,149004,96359,1553423,1729,898,85,2540
"538",3,"2022-08-13","2022-08-13",1,1,1,2.5,1,149004,96359,1553423,1729,898,66,700
"539",3,"2022-08-27","2022-08-27",1,1,1,1.5,1,149004,96359,1553423,1729,898,42,500
"540",3,"2022-05-17","2022-08-15",1,1,1,4.5,1,149004,96359,1553423,1729,898,161,3230
"541",3,"2022-08-13","2022-08-13",1,1,1,1.5,1,149004,96359,1553423,1729,898,44,850
"542",3,"2022-09-16","2022-09-27",1,1,1,3.5,1,149004,96359,1553423,1729,898,86,3900
"543",3,"2023-01-28","2023-01-28",1,1,1,1.5,1,149004,96359,1553423,1729,898,47,1000
"544",3,"2022-11-05","2022-11-05",1,1,1,3.5,1,149004,96359,1553423,1729,898,100,950
"545",3,"2022-04-07","2022-04-11",1,2,1,4.5,4,149004,96359,1553423,1729,898,130,2410
"546",3,"2022-01-29","2022-04-30",1,2,1,3.5,2,149004,96359,1553423,1729,898,110,2370
"547",3,"2023-01-28","2023-01-28",1,1,1,2.5,1,149004,96359,1553423,1729,898,67,800
"548",3,"2022-04-25","2022-05-06",1,1,1,2.5,1,149004,96359,1553423,1729,898,62,1810
"549",3,"2022-10-27","2022-11-17",1,1,1,3.5,1,149004,96359,1553423,1729,898,55,1600
"550",3,"2022-08-23","2022-08-23",1,1,1,3.5,1,149004,96359,1553423,1729,898,97,5080
"551",3,"2022-10-05","2022-10-18",1,2,1,3.5,2,149004,96359,1553423,1729,898,98,3200
"552",3,"2023-01-28","2023-01-28",1,1,1,4.5,1,149004,96359,1553423,1729,898,126,1200
"553",3,"2022-11-05","2022-11-05",1,1,1,3.5,1,149004,96359,1553423,1729,898,100,950
"554",3,"2022-03-24","2022-04-04",1,1,1,2,1,149004,96359,1553423,1729,898,56,1366
"555",3,"2021-12-07","2022-01-03",1,2,1,4.5,2,149004,96359,1553423,1729,898,98,2800
"556",3,"2022-10-04","2022-10-12",1,1,1,1,1,149004,96359,1553423,1729,898,30,1820
"557",3,"2021-08-16","2021-08-24",1,2,1,1.5,2,149004,96359,1553423,1729,898,40,898
"558",3,"2022-09-02","2022-09-04",1,1,1,4,1,149004,96359,1553423,1729,898,75,1950
"559",3,"2023-01-06","2023-01-19",1,1,1,3.5,1,149004,96359,1553423,1729,898,86,2005
"560",3,"2022-09-08","2022-09-12",1,1,1,1.5,1,149004,96359,1553423,1729,898,37,1150
"561",3,"2022-08-27","2022-08-27",1,1,1,1.5,1,149004,96359,1553423,1729,898,42,850
"562",3,"2022-01-10","2022-01-17",1,2,1,3,3,149004,96359,1553423,1729,898,62,1483
"563",3,"2023-01-06","2023-01-09",1,1,2,5.5,1,149004,96359,1553423,1729,898,150,2000
"564",3,"2022-08-13","2022-08-13",1,1,1,3.5,1,149004,96359,1553423,1729,898,98,800
"565",3,"2022-08-13","2022-08-13",1,1,1,3.5,1,149004,96359,1553423,1729,898,98,800
"566",3,"2022-07-20","2022-07-22",1,1,1,3.5,1,149004,96359,1553423,1729,898,96,2270
"567",3,"2022-06-27","2022-07-17",1,2,1,1.5,2,149004,96359,1553423,1729,898,61,960
"568",3,"2021-08-24","2021-08-24",1,1,1,4.5,1,149004,96359,1553423,1729,898,117,1000
"569",3,"2021-05-03","2021-05-10",1,2,1,1,2,149004,96359,1553423,1729,898,32,1275
"570",3,"2021-07-23","2021-08-27",1,2,1,1,2,149004,96359,1553423,1729,898,91,1800
"571",3,"2021-05-11","2021-05-28",1,1,1,3.5,1,149004,96359,1553423,1729,898,70,1995
"572",3,"2022-06-01","2022-06-22",1,1,1,3,1,149004,96359,1553423,1729,898,59,1019
"573",3,"2022-10-08","2022-10-08",1,1,1,3.5,1,149004,96359,1553423,1729,898,98,915
"574",3,"2021-07-18","2021-07-27",1,2,1,2.5,3,149004,96359,1553423,1729,898,50,1600
"575",3,"2023-01-28","2023-01-28",1,1,1,3.5,1,149004,96359,1553423,1729,898,100,1000
"576",3,"2022-10-12","2022-10-13",1,1,1,3,1,149004,96359,1553423,1729,898,75,2870
"577",3,"2021-04-20","2021-04-20",1,2,1,3,2,149004,96359,1553423,1729,898,59,1630
"578",3,"2022-05-06","2022-05-12",1,1,1,4,1,149004,96359,1553423,1729,898,81,1620
"579",3,"2023-01-28","2023-01-28",1,1,1,3.5,1,149004,96359,1553423,1729,898,95,1500
"580",3,"2022-08-13","2022-08-13",1,1,1,2.5,1,149004,96359,1553423,1729,898,67,1050
"581",3,"2022-08-27","2022-08-29",1,1,1,4.5,1,149004,96359,1553423,1729,898,118,1000
"582",3,"2022-02-17","2022-03-09",1,2,1,2.5,3,149004,96359,1553423,1729,898,75,2250
"583",3,"2022-11-05","2022-11-05",1,1,1,2.5,1,149004,96359,1553423,1729,898,73,650
"584",3,"2022-08-13","2022-08-13",1,1,1,3.5,1,149004,96359,1553423,1729,898,98,700
"585",3,"2023-01-28","2023-01-28",1,1,1,2.5,1,149004,96359,1553423,1729,898,68,750
"586",3,"2022-08-27","2022-08-29",1,1,1,4.5,1,149004,96359,1553423,1729,898,120,900
"587",3,"2022-08-13","2022-08-13",1,1,1,1.5,1,149004,96359,1553423,1729,898,45,900
"588",3,"2022-11-05","2022-11-05",1,1,1,1.5,1,149004,96359,1553423,1729,898,45,500
"589",3,"2022-07-14","2022-08-05",1,1,1,4,1,149004,96359,1553423,1729,898,72,1860
"590",3,"2022-10-02","2022-10-02",1,1,1,3,1,149004,96359,1553423,1729,898,72,900
"591",3,"2021-05-29","2021-06-30",1,2,1,3.5,2,149004,96359,1553423,1729,898,80,1660
"592",3,"2022-03-07","2022-03-30",1,2,1,4.5,2,149004,96359,1553423,1729,898,95,1950
"593",3,"2022-11-05","2022-11-05",1,1,1,2.5,1,149004,96359,1553423,1729,898,70,700
"594",3,"2022-02-13","2022-03-21",1,2,1,2.5,2,149004,96359,1553423,1729,898,60,1590
"595",3,"2022-09-27","2022-10-09",1,2,1,3.5,3,149004,96359,1553423,1729,898,70,1980
"596",3,"2021-08-16","2021-08-16",1,1,1,3.5,1,149004,96359,1553423,1729,898,112,800
"597",3,"2021-04-18","2021-04-25",1,2,1,1.5,2,149004,96359,1553423,1729,898,50,1300
"598",3,"2022-10-27","2022-11-03",1,1,1,4.5,1,149004,96359,1553423,1729,898,68,1800
"599",3,"2022-08-13","2022-08-13",1,1,1,3.5,1,149004,96359,1553423,1729,898,98,700
"600",3,"2022-08-27","2022-08-29",1,1,1,4.5,1,149004,96359,1553423,1729,898,116,1000
"601",3,"2022-09-02","2022-09-04",1,1,1,2.5,1,149004,96359,1553423,1729,898,64,1840
"602",3,"2022-08-13","2022-08-13",1,1,1,1.5,1,149004,96359,1553423,1729,898,44,900
"603",3,"2021-12-08","2021-12-14",1,2,1,4.5,2,149004,96359,1553423,1729,898,125,2498
"604",3,"2022-06-09","2022-07-18",1,1,1,4.5,1,149004,96359,1553423,1729,898,130,4000
"605",3,"2022-08-27","2022-08-27",1,1,1,3.5,1,149004,96359,1553423,1729,898,100,1200
"606",3,"2022-01-19","2022-01-26",1,2,1,3,4,149004,96359,1553423,1729,898,68,1365
"607",3,"2023-01-03","2023-01-03",1,1,2,5.5,1,149004,96359,1553423,1729,898,175,6400
"608",3,"2021-11-29","2021-12-04",1,2,1,6.5,2,149004,96359,1553423,1729,898,200,2850
"609",3,"2022-08-13","2022-08-13",1,1,1,3.5,1,149004,96359,1553423,1729,898,98,750
"610",3,"2022-08-09","2022-11-16",1,1,2,3.5,1,149004,96359,1553423,1729,898,113,3400
"611",3,"2022-11-05","2022-11-05",1,1,1,3.5,1,149004,96359,1553423,1729,898,100,1700
"612",3,"2021-05-18","2021-10-07",1,2,1,2.5,2,149004,96359,1553423,1729,898,44,1490
"613",3,"2022-03-25","2022-04-01",1,1,1,2.5,1,149004,96359,1553423,1729,898,81,4180
"614",3,"2022-11-05","2022-11-05",1,1,1,2.5,1,149004,96359,1553423,1729,898,67,700
"615",3,"2021-09-16","2021-10-05",1,2,1,3.5,3,149004,96359,1553423,1729,898,140,2990
"616",3,"2022-09-07","2022-10-21",1,1,1,4.5,1,149004,96359,1553423,1729,898,70,1280
"617",3,"2021-04-19","2021-05-03",1,1,1,3.5,1,149004,96359,1553423,1729,898,82,1799
"618",3,"2022-12-09","2022-12-14",1,1,1,3.5,1,149004,96359,1553423,1729,898,68,1390
"619",3,"2022-10-08","2022-10-08",1,1,1,4.5,1,149004,96359,1553423,1729,898,119,950
"620",3,"2022-10-02","2022-10-02",1,1,1,3,1,149004,96359,1553423,1729,898,70,900
"621",3,"2022-07-12","2022-07-20",1,1,1,3.5,1,149004,96359,1553423,1729,898,90,2210
"622",3,"2022-06-24","2022-11-22",1,1,1,3.5,1,149004,96359,1553423,1729,898,90,2150
"623",3,"2022-11-05","2022-11-05",1,1,1,4.5,1,149004,96359,1553423,1729,898,122,1000
"624",3,"2022-11-05","2022-11-05",1,1,1,3.5,1,149004,96359,1553423,1729,898,100,900
"625",3,"2022-10-08","2022-10-08",1,1,1,3.5,1,149004,96359,1553423,1729,898,98,915
"626",3,"2022-11-05","2022-11-05",1,1,1,4.5,1,149004,96359,1553423,1729,898,125,1100
"627",3,"2022-05-20","2022-05-25",1,1,1,2.5,1,149004,96359,1553423,1729,898,50,1880
"628",3,"2022-11-04","2022-11-18",1,2,1,4.5,4,149004,96359,1553423,1729,898,110,2163
"629",3,"2022-08-13","2022-08-13",1,1,1,3.5,1,149004,96359,1553423,1729,898,97,1250
"630",3,"2022-10-08","2022-10-08",1,1,1,2.5,1,149004,96359,1553423,1729,898,65,730
"631",3,"2022-05-29","2022-06-13",1,2,1,3.5,4,149004,96359,1553423,1729,898,110,1977
"632",3,"2023-01-09","2023-01-14",1,2,1,3,4,149004,96359,1553423,1729,898,70,1620
"633",3,"2023-01-18","2023-01-18",1,1,1,5.5,1,149004,96359,1553423,1729,898,125,2980
"634",3,"2022-08-27","2022-08-29",1,1,1,4.5,1,149004,96359,1553423,1729,898,116,1000
"635",3,"2022-08-19","2022-10-12",1,1,1,2.5,1,149004,96359,1553423,1729,898,52,2990
"636",3,"2023-01-15","2023-01-18",1,2,1,2.5,3,149004,96359,1553423,1729,898,54,2467
"637",3,"2023-01-28","2023-01-28",1,1,1,3.5,1,149004,96359,1553423,1729,898,100,1000
"638",3,"2021-06-04","2021-06-24",1,2,1,2.5,4,149004,96359,1553423,1729,898,55,2499
"639",3,"2022-08-04","2022-08-06",1,1,1,3.5,1,149004,96359,1553423,1729,898,70,2150
"640",3,"2022-05-24","2022-06-07",1,1,1,4.5,1,149004,96359,1553423,1729,898,129,3030
"641",3,"2021-06-22","2021-06-28",1,1,1,2,1,149004,96359,1553423,1729,898,57,1308
"642",3,"2023-01-27","2023-01-27",1,1,1,3.5,1,149004,96359,1553423,1729,898,90,2480
"643",3,"2021-08-16","2021-08-16",1,1,1,3.5,1,149004,96359,1553423,1729,898,112,800
"644",3,"2021-05-08","2021-06-21",1,2,1,2.5,4,149004,96359,1553423,1729,898,94,3800
"645",3,"2022-09-29","2022-10-04",1,2,1,2,3,149004,96359,1553423,1729,898,52,1190
"646",3,"2022-10-08","2022-10-08",1,1,1,4.5,1,149004,96359,1553423,1729,898,119,920
"647",3,"2022-02-13","2022-02-15",1,2,1,2.5,4,149004,96359,1553423,1729,898,44,1230
"648",3,"2022-08-13","2022-08-13",1,1,1,2.5,1,149004,96359,1553423,1729,898,67,1000
"649",3,"2023-01-09","2023-01-09",1,1,1,2.5,1,149004,96359,1553423,1729,898,59,1590
"650",3,"2022-06-10","2022-07-29",1,1,1,3.5,1,149004,96359,1553423,1729,898,115,2290
"651",3,"2021-11-10","2021-11-22",1,2,1,2.5,2,149004,96359,1553423,1729,898,56,2100
"652",3,"2022-06-16","2022-06-22",1,1,1,4.5,1,149004,96359,1553423,1729,898,103,2700
"653",3,"2021-04-16","2021-05-01",1,2,1,4,2,149004,96359,1553423,1729,898,95,2549
"654",3,"2021-09-05","2021-09-15",1,2,1,2.5,4,149004,96359,1553423,1729,898,74,1930
"655",3,"2023-01-28","2023-01-28",1,1,1,1.5,1,149004,96359,1553423,1729,898,48,1000
"656",3,"2022-06-03","2022-06-04",1,2,1,4,4,149004,96359,1553423,1729,898,90,2809
"657",3,"2021-07-01","2021-07-14",1,2,2,5.5,3,149004,96359,1553423,1729,898,130,2500
"658",3,"2021-12-06","2021-12-07",1,2,1,3.5,4,149004,96359,1553423,1729,898,82,1363
"659",3,"2021-05-27","2021-06-21",1,2,1,3.5,4,149004,96359,1553423,1729,898,113,1703
"660",3,"2021-09-10","2021-10-03",1,2,1,3.5,2,149004,96359,1553423,1729,898,65,1650
"661",3,"2021-12-25","2021-12-29",1,2,1,4.5,2,149004,96359,1553423,1729,898,141,4500
"662",3,"2022-12-02","2022-12-20",1,1,1,4,1,149004,96359,1553423,1729,898,98,1620
"663",3,"2022-02-08","2022-07-20",1,2,1,2,3,149004,96359,1553423,1729,898,37,1800
"664",3,"2022-08-18","2022-08-25",1,1,1,3,1,149004,96359,1553423,1729,898,69,1430
"665",3,"2023-01-28","2023-01-28",1,1,1,4.5,1,149004,96359,1553423,1729,898,126,1300
"666",3,"2021-11-23","2021-12-23",1,2,1,2.5,4,149004,96359,1553423,1729,898,82,2400
"667",3,"2023-01-28","2023-01-28",1,1,1,4.5,1,149004,96359,1553423,1729,898,122,1100
"668",3,"2022-06-16","2022-06-22",1,1,1,3,1,149004,96359,1553423,1729,898,57,1540
"669",3,"2022-08-27","2022-08-29",1,1,1,4.5,1,149004,96359,1553423,1729,898,116,850
"670",3,"2022-11-05","2022-11-05",1,1,1,3.5,1,149004,96359,1553423,1729,898,100,1400
"671",3,"2021-09-14","2021-09-20",1,2,1,3.5,2,149004,96359,1553423,1729,898,131,3000
"672",3,"2022-02-08","2022-03-22",1,2,1,4.5,2,149004,96359,1553423,1729,898,103,2800
"673",3,"2022-08-13","2022-08-13",1,1,1,3.5,1,149004,96359,1553423,1729,898,98,800
"674",3,"2021-10-19","2021-11-10",1,2,1,3.5,3,149004,96359,1553423,1729,898,95,3800
"675",3,"2022-08-27","2022-08-27",1,1,1,4.5,1,149004,96359,1553423,1729,898,113,900
"676",3,"2023-01-28","2023-01-28",1,1,1,4.5,1,149004,96359,1553423,1729,898,127,1250
"677",3,"2022-08-27","2022-08-29",1,1,1,4.5,1,149004,96359,1553423,1729,898,116,900
"678",3,"2022-11-05","2022-11-05",1,1,1,3.5,1,149004,96359,1553423,1729,898,100,950
"679",3,"2022-08-13","2022-08-13",1,1,1,3.5,1,149004,96359,1553423,1729,898,94,1000
"680",3,"2022-09-16","2022-10-10",1,1,1,3.5,1,149004,96359,1553423,1729,898,103,4500
"681",3,"2023-01-10","2023-01-23",1,1,1,1.5,1,149004,96359,1553423,1729,898,30,990
"682",3,"2022-08-13","2022-08-13",1,1,1,3.5,1,149004,96359,1553423,1729,898,98,800
"683",3,"2022-08-27","2022-08-27",1,1,1,3.5,1,149004,96359,1553423,1729,898,118,1300
"684",3,"2022-08-27","2022-08-29",1,1,1,3.5,1,149004,96359,1553423,1729,898,112,1220
"685",3,"2023-01-18","2023-01-18",1,2,1,4.5,3,149004,96359,1553423,1729,898,103,2980
"686",3,"2022-09-15","2022-09-21",1,1,1,4,1,149004,96359,1553423,1729,898,78,1495
"687",3,"2022-09-06","2022-09-23",1,1,1,3,1,149004,96359,1553423,1729,898,59,1539
"688",3,"2022-06-09","2022-06-28",1,1,1,3.5,1,149004,96359,1553423,1729,898,91,2740
"689",3,"2022-12-08","2022-12-18",1,1,1,4.5,1,149004,96359,1553423,1729,898,108,3100
"690",3,"2022-08-22","2022-10-07",1,1,1,4.5,1,149004,96359,1553423,1729,898,92,2235
"691",3,"2022-08-13","2022-08-13",1,1,1,1.5,1,149004,96359,1553423,1729,898,44,500
"692",3,"2022-05-16","2022-05-31",1,1,1,1.5,1,149004,96359,1553423,1729,898,45,1450
"693",3,"2022-06-17","2022-07-25",1,1,1,1.5,1,149004,96359,1553423,1729,898,59,1490
"694",3,"2021-06-15","2021-09-14",1,2,1,2.5,3,149004,96359,1553423,1729,898,74,1890
"695",3,"2022-08-13","2022-08-13",1,1,1,2.5,1,149004,96359,1553423,1729,898,65,1000
"696",3,"2022-11-05","2022-11-05",1,1,1,4.5,1,149004,96359,1553423,1729,898,125,1100
"697",3,"2022-06-15","2022-07-04",1,1,1,3.5,1,149004,96359,1553423,1729,898,73,3490
"698",3,"2022-11-05","2022-11-05",1,1,1,2.5,1,149004,96359,1553423,1729,898,69,700
"699",3,"2021-04-30","2021-05-11",1,2,1,3.5,2,149004,96359,1553423,1729,898,71,1830
"700",3,"2022-08-11","2022-08-13",1,1,1,3.5,1,149004,96359,1553423,1729,898,87,2390
"701",3,"2022-08-13","2022-08-13",1,1,1,3.5,1,149004,96359,1553423,1729,898,97,800
"702",3,"2022-09-06","2022-10-04",1,1,1,3.5,1,149004,96359,1553423,1729,898,95,4180
"703",3,"2022-10-08","2022-10-08",1,1,1,3.5,1,149004,96359,1553423,1729,898,98,930
"704",3,"2021-11-09","2021-11-15",1,2,1,2,4,149004,96359,1553423,1729,898,39,1680
"705",3,"2021-08-24","2021-09-07",1,2,1,3.5,3,149004,96359,1553423,1729,898,79,1581
"706",3,"2022-08-27","2022-08-27",1,1,1,4.5,1,149004,96359,1553423,1729,898,120,900
"707",3,"2022-03-23","2022-03-23",1,2,1,4.5,3,149004,96359,1553423,1729,898,123,3850
"708",3,"2021-05-21","2021-05-21",1,2,1,4,3,149004,96359,1553423,1729,898,150,4119
"709",3,"2022-04-04","2022-08-03",1,1,1,2,1,149004,96359,1553423,1729,898,48,7483
"710",3,"2022-03-23","2022-03-28",1,1,1,3,1,149004,96359,1553423,1729,898,95,2250
"711",3,"2022-03-30","2022-04-25",1,1,1,3.5,1,149004,96359,1553423,1729,898,80,1870
"712",3,"2023-01-28","2023-01-28",1,1,1,3.5,1,149004,96359,1553423,1729,898,100,1050
"713",3,"2022-06-22","2022-06-23",1,2,1,4.5,2,149004,96359,1553423,1729,898,121,2670
"714",3,"2022-08-13","2022-08-13",1,1,1,2.5,1,149004,96359,1553423,1729,898,66,1000
"715",3,"2022-04-13","2022-05-31",1,1,1,1.5,1,149004,96359,1553423,1729,898,45,1450
"716",3,"2022-09-23","2022-09-26",1,2,1,2.5,2,149004,96359,1553423,1729,898,57,1250
"717",3,"2022-08-10","2022-08-12",1,1,1,2.5,1,149004,96359,1553423,1729,898,53,1228
"718",3,"2021-08-22","2021-08-27",1,2,1,4.5,3,149004,96359,1553423,1729,898,120,2102
"719",3,"2021-12-08","2021-12-09",1,2,1,2.5,3,149004,96359,1553423,1729,898,60,1250
"720",3,"2022-05-22","2022-05-23",1,1,1,2.5,1,149004,96359,1553423,1729,898,50,1940
"721",3,"2023-01-13","2023-01-16",1,2,1,4,2,149004,96359,1553423,1729,898,90,2909
"722",3,"2021-06-29","2021-12-16",1,2,1,1,4,149004,96359,1553423,1729,898,12,650
"723",3,"2022-01-11","2022-01-17",1,2,1,2,4,149004,96359,1553423,1729,898,57,1200
"724",3,"2022-05-13","2022-05-19",1,1,1,2,1,149004,96359,1553423,1729,898,62,1930
"725",3,"2022-08-23","2022-09-05",1,2,1,2.5,3,149004,96359,1553423,1729,898,70,2800
"726",3,"2022-11-11","2022-12-14",1,1,1,3,1,149004,96359,1553423,1729,898,57,1800
"727",3,"2022-11-05","2022-11-05",1,1,1,2.5,1,149004,96359,1553423,1729,898,68,1100
"728",3,"2022-05-17","2022-05-17",1,1,1,2,1,149004,96359,1553423,1729,898,62,1930
"729",3,"2022-08-27","2022-08-27",1,1,1,2.5,1,149004,96359,1553423,1729,898,68,950
"730",3,"2022-06-13","2022-08-02",1,1,1,4.5,1,149004,96359,1553423,1729,898,75,1424
"731",3,"2023-01-28","2023-01-28",1,1,1,2.5,1,149004,96359,1553423,1729,898,65,750
"732",3,"2022-08-13","2022-08-13",1,1,1,2.5,1,149004,96359,1553423,1729,898,67,650
"733",3,"2023-01-20","2023-01-26",1,1,1,3.5,1,149004,96359,1553423,1729,898,113,2320
"734",3,"2021-03-08","2021-04-19",1,2,1,1.5,3,149004,96359,1553423,1729,898,36,1980
"735",3,"2022-11-05","2022-11-05",1,1,1,4.5,1,149004,96359,1553423,1729,898,122,1000
"736",3,"2021-07-20","2021-08-08",1,2,1,4.5,4,149004,96359,1553423,1729,898,130,3235
"737",3,"2021-04-19","2021-04-25",1,2,1,4.5,2,149004,96359,1553423,1729,898,106,2220
"738",3,"2022-10-08","2022-10-08",1,1,1,4.5,1,149004,96359,1553423,1729,898,118,980
"739",3,"2022-08-13","2022-08-13",1,1,1,1.5,1,149004,96359,1553423,1729,898,44,900
"740",3,"2021-11-09","2021-11-20",1,1,1,5,1,149004,96359,1553423,1729,898,145,3075
"741",3,"2021-04-30","2021-05-04",1,2,1,8,4,149004,96359,1553423,1729,898,220,2400
"742",3,"2022-10-08","2022-10-08",1,1,1,1.5,1,149004,96359,1553423,1729,898,44,500
"743",3,"2021-10-12","2021-10-21",1,2,2,6.5,2,149004,96359,1553423,1729,898,160,2990
"744",3,"2022-12-29","2022-12-29",1,1,1,2.5,1,149004,96359,1553423,1729,898,72,2840
"745",3,"2021-09-13","2021-10-06",1,2,1,2.5,4,149004,96359,1553423,1729,898,60,1650
"746",3,"2022-08-27","2022-08-27",1,1,1,2.5,1,149004,96359,1553423,1729,898,66,800
"747",3,"2022-06-01","2022-08-30",1,1,1,4.5,1,149004,96359,1553423,1729,898,109,1880
"748",3,"2022-10-08","2022-10-08",1,1,1,3.5,1,149004,96359,1553423,1729,898,99,910
"749",3,"2022-06-20","2022-07-12",1,2,1,3.5,3,149004,96359,1553423,1729,898,105,2200
"750",3,"2022-09-27","2022-10-24",1,1,1,4.5,1,149004,96359,1553423,1729,898,118,3200
"751",3,"2022-08-27","2022-08-27",1,1,1,1.5,1,149004,96359,1553423,1729,898,43,800
"752",3,"2022-10-08","2022-10-08",1,1,1,2.5,1,149004,96359,1553423,1729,898,76,750
"753",3,"2022-12-23","2022-12-23",1,1,1,4,1,149004,96359,1553423,1729,898,80,1700
"754",3,"2022-03-24","2022-04-05",1,2,1,2.5,4,149004,96359,1553423,1729,898,60,1650
"755",3,"2022-11-01","2022-11-02",1,2,1,4.5,3,149004,96359,1553423,1729,898,100,3411
"756",3,"2023-01-09","2023-01-09",1,1,1,3.5,1,149004,96359,1553423,1729,898,75,1830
"757",3,"2021-03-10","2021-04-07",1,2,1,4.5,3,149004,96359,1553423,1729,898,170,2680
"758",3,"2023-01-28","2023-01-28",1,1,1,3.5,1,149004,96359,1553423,1729,898,95,1000
"759",3,"2022-11-05","2022-11-05",1,1,1,4.5,1,149004,96359,1553423,1729,898,125,1100
"760",3,"2022-08-13","2022-08-13",1,1,1,3.5,1,149004,96359,1553423,1729,898,98,1000
"761",3,"2023-01-28","2023-01-28",1,1,1,3.5,1,149004,96359,1553423,1729,898,100,1000
"762",3,"2022-10-08","2022-10-08",1,1,1,2.5,1,149004,96359,1553423,1729,898,67,720
"763",3,"2022-08-29","2022-09-11",1,2,1,2.5,4,149004,96359,1553423,1729,898,50,1750
"764",3,"2022-08-13","2022-08-13",1,1,1,3.5,1,149004,96359,1553423,1729,898,98,800
"765",3,"2022-10-29","2022-11-03",1,1,1,4.5,1,149004,96359,1553423,1729,898,134,4340
"766",3,"2022-02-03","2022-02-13",1,2,1,2.5,2,149004,96359,1553423,1729,898,60,1590
"767",3,"2022-08-19","2022-10-12",1,1,1,2.5,1,149004,96359,1553423,1729,898,36,2440
"768",3,"2022-08-13","2022-08-13",1,1,1,2.5,1,149004,96359,1553423,1729,898,67,900
"769",3,"2022-08-27","2022-08-27",1,1,1,1.5,1,149004,96359,1553423,1729,898,44,850
"770",3,"2022-05-28","2022-06-20",1,2,1,3.5,2,149004,96359,1553423,1729,898,60,1790
"771",3,"2022-10-06","2022-10-13",1,2,1,2.5,2,149004,96359,1553423,1729,898,70,2750
"772",3,"2022-05-21","2022-05-25",1,2,1,3.5,4,149004,96359,1553423,1729,898,90,1624
"773",3,"2023-01-15","2023-01-25",1,2,1,3.5,4,149004,96359,1553423,1729,898,81,1680
"774",3,"2022-08-25","2022-09-06",1,1,1,3.5,1,149004,96359,1553423,1729,898,86,3550
"775",3,"2022-08-27","2022-08-27",1,1,1,3.5,1,149004,96359,1553423,1729,898,112,800
"776",3,"2023-01-28","2023-01-28",1,1,1,2.5,1,149004,96359,1553423,1729,898,67,750
"777",3,"2022-10-26","2022-11-24",1,1,1,4.5,1,149004,96359,1553423,1729,898,98,2040
"778",3,"2023-01-19","2023-01-21",1,2,1,3.5,4,149004,96359,1553423,1729,898,92,1850
"779",3,"2022-09-13","2022-09-13",1,1,1,4.5,1,149004,96359,1553423,1729,898,96,2390
"780",3,"2022-09-20","2022-09-28",1,1,1,2.5,1,149004,96359,1553423,1729,898,63,1475
"781",3,"2022-02-24","2022-03-02",1,2,1,3.5,2,149004,96359,1553423,1729,898,83,1624
"782",3,"2022-12-20","2023-01-03",1,1,1,3,1,149004,96359,1553423,1729,898,76,1425
"783",3,"2022-08-27","2022-08-27",1,1,1,1.5,1,149004,96359,1553423,1729,898,44,800
"784",3,"2022-08-27","2022-08-29",1,1,1,4.5,1,149004,96359,1553423,1729,898,116,1000
"785",3,"2022-08-27","2022-08-27",1,1,1,1.5,1,149004,96359,1553423,1729,898,44,600
"786",3,"2022-04-08","2022-07-06",1,1,1,4.5,1,149004,96359,1553423,1729,898,96,2380
"787",3,"2022-11-05","2022-11-05",1,1,1,2.5,1,149004,96359,1553423,1729,898,68,750
"788",3,"2022-10-08","2022-10-08",1,1,1,2.5,1,149004,96359,1553423,1729,898,65,770
"789",3,"2021-04-14","2021-04-19",1,1,1,3.5,1,149004,96359,1553423,1729,898,86,2100
"790",3,"2021-09-10","2021-09-13",1,2,1,1,4,149004,96359,1553423,1729,898,36,600
"791",3,"2022-08-27","2022-08-27",1,1,1,3.5,1,149004,96359,1553423,1729,898,112,900
"792",3,"2021-09-20","2021-09-24",1,2,1,1.5,3,149004,96359,1553423,1729,898,52,700
"793",3,"2022-08-27","2022-08-27",1,1,1,3.5,1,149004,96359,1553423,1729,898,99,1050
"794",3,"2022-08-13","2022-08-13",1,1,1,3.5,1,149004,96359,1553423,1729,898,98,1000
"795",3,"2022-06-14","2022-07-04",1,1,1,3.5,1,149004,96359,1553423,1729,898,73,3850
"796",3,"2022-08-26","2022-10-06",1,1,1,3,1,149004,96359,1553423,1729,898,84,3950
"797",3,"2022-10-08","2022-10-08",1,1,1,4.5,1,149004,96359,1553423,1729,898,119,1000
"798",3,"2022-09-09","2022-09-12",1,1,1,2,1,149004,96359,1553423,1729,898,50,1690
"799",3,"2021-09-21","2022-06-27",1,2,1,2.5,3,149004,96359,1553423,1729,898,54,1560
"800",3,"2022-08-13","2022-08-13",1,1,1,2.5,1,149004,96359,1553423,1729,898,65,750
"801",3,"2022-05-10","2022-06-23",1,2,1,2.5,2,149004,96359,1553423,1729,898,55,1640
"802",3,"2023-01-28","2023-01-28",1,1,1,3.5,1,149004,96359,1553423,1729,898,98,1000
"803",3,"2021-04-21","2021-05-22",1,2,1,2.5,4,149004,96359,1553423,1729,898,60,1750
"804",3,"2022-07-22","2022-07-28",1,1,1,2.5,1,149004,96359,1553423,1729,898,57,1550
"805",3,"2021-06-21","2021-06-22",1,2,1,4,4,149004,96359,1553423,1729,898,165,3000
"806",3,"2023-01-28","2023-01-28",1,1,1,2.5,1,149004,96359,1553423,1729,898,68,800
"807",3,"2021-08-25","2021-08-30",1,2,1,2.5,4,149004,96359,1553423,1729,898,65,2400
"808",3,"2022-09-05","2022-10-20",1,1,1,4,1,149004,96359,1553423,1729,898,72,1460
"809",3,"2021-04-20","2021-05-11",1,2,1,2,3,149004,96359,1553423,1729,898,94,1900
"810",3,"2022-08-12","2022-08-19",1,2,1,2.5,4,149004,96359,1553423,1729,898,78,1620
"811",3,"2021-09-01","2021-09-12",1,2,1,2,3,149004,96359,1553423,1729,898,45,1665
"812",3,"2022-05-20","2022-05-21",1,1,1,3.5,1,149004,96359,1553423,1729,898,51,5500
"813",3,"2022-08-13","2022-08-13",1,1,1,2.5,1,149004,96359,1553423,1729,898,67,700
"814",3,"2022-08-11","2022-08-15",1,1,1,3.5,1,149004,96359,1553423,1729,898,65,1470
"815",3,"2022-05-02","2022-05-18",1,1,1,3,1,149004,96359,1553423,1729,898,58,1630
"816",3,"2022-08-19","2022-10-12",1,1,1,2.5,1,149004,96359,1553423,1729,898,52,2990
"817",3,"2021-04-28","2021-08-03",1,1,1,3.5,1,149004,96359,1553423,1729,898,109,2980
"818",3,"2022-10-08","2022-10-08",1,1,1,3.5,1,149004,96359,1553423,1729,898,97,1010
"819",3,"2022-06-14","2022-11-15",1,1,1,4.5,1,149004,96359,1553423,1729,898,78,1965
"820",3,"2021-04-01","2021-04-23",1,2,1,4.5,4,149004,96359,1553423,1729,898,92,2350
"821",3,"2022-08-27","2022-08-27",1,1,1,2.5,1,149004,96359,1553423,1729,898,64,900
"822",3,"2022-08-13","2022-08-13",1,1,1,2.5,1,149004,96359,1553423,1729,898,67,1000
"823",3,"2022-07-12","2022-08-02",1,1,1,2,1,149004,96359,1553423,1729,898,62,1490
"824",3,"2023-01-09","2023-01-09",1,1,1,4.5,1,149004,96359,1553423,1729,898,94,2340
"825",3,"2023-01-28","2023-01-28",1,1,1,2.5,1,149004,96359,1553423,1729,898,68,1100
"826",3,"2022-08-13","2022-08-13",1,1,1,3.5,1,149004,96359,1553423,1729,898,98,750
"827",3,"2021-08-16","2021-10-06",1,2,1,4.5,3,149004,96359,1553423,1729,898,102,2800
"828",3,"2021-07-06","2021-07-09",1,1,1,2,1,149004,96359,1553423,1729,898,57,1277
"829",3,"2023-01-28","2023-01-28",1,1,1,1.5,1,149004,96359,1553423,1729,898,46,1000
"830",3,"2022-06-03","2022-06-10",1,1,1,4,1,149004,96359,1553423,1729,898,100,5100
"831",3,"2022-06-28","2022-07-13",1,2,1,2.5,3,149004,96359,1553423,1729,898,50,1675
"832",3,"2022-05-06","2022-05-16",1,2,1,3.5,3,149004,96359,1553423,1729,898,98,2702
"833",3,"2021-05-07","2021-05-18",1,2,1,3,4,149004,96359,1553423,1729,898,60,1690
"834",3,"2022-08-16","2022-08-23",1,1,1,1.5,1,149004,96359,1553423,1729,898,27,950
"835",3,"2022-08-13","2022-08-13",1,1,1,2.5,1,149004,96359,1553423,1729,898,67,900
"836",3,"2021-09-04","2021-09-22",1,2,1,2.5,4,149004,96359,1553423,1729,898,50,1290
"837",3,"2023-01-28","2023-01-28",1,1,1,4.5,1,149004,96359,1553423,1729,898,125,2000
"838",3,"2022-07-07","2022-07-18",1,1,1,5.5,1,149004,96359,1553423,1729,898,104,2085
"839",3,"2022-03-23","2022-03-23",1,2,1,5.5,2,149004,96359,1553423,1729,898,169,6990
"840",3,"2022-10-02","2022-10-02",1,1,1,2,1,149004,96359,1553423,1729,898,50,1000
"841",3,"2022-08-24","2022-08-29",1,1,1,2,1,149004,96359,1553423,1729,898,45,1100
"842",3,"2022-11-05","2022-11-05",1,1,1,3.5,1,149004,96359,1553423,1729,898,100,1000
"843",3,"2022-08-27","2022-08-27",1,1,1,2.5,1,149004,96359,1553423,1729,898,66,940
"844",3,"2021-08-27","2021-10-14",1,2,1,2.5,4,149004,96359,1553423,1729,898,71,1800
"845",3,"2022-11-05","2022-11-05",1,1,1,2.5,1,149004,96359,1553423,1729,898,70,650
"846",3,"2022-07-15","2022-08-02",1,1,2,4.5,1,149004,96359,1553423,1729,898,103,2000
"847",3,"2023-01-28","2023-01-28",1,1,1,2.5,1,149004,96359,1553423,1729,898,72,1100
"848",3,"2022-08-02","2022-08-12",1,2,1,3,4,149004,96359,1553423,1729,898,66,1283
"849",3,"2022-11-02","2022-12-01",1,1,1,3.5,1,149004,96359,1553423,1729,898,99,3700
"850",3,"2022-05-11","2022-05-11",1,1,2,10,1,149004,96359,1553423,1729,898,291,13800
"851",3,"2022-09-21","2022-10-31",1,1,1,3.5,1,149004,96359,1553423,1729,898,82,2085
"852",3,"2021-03-24","2021-04-15",1,2,1,4,4,149004,96359,1553423,1729,898,82,2200
"853",3,"2022-11-05","2022-11-05",1,1,1,4.5,1,149004,96359,1553423,1729,898,120,1000
"854",3,"2023-01-10","2023-01-16",1,1,1,3.5,1,149004,96359,1553423,1729,898,93,2250
"855",3,"2021-04-07","2021-04-12",1,2,1,4.5,3,149004,96359,1553423,1729,898,122,2150
"856",3,"2021-09-10","2021-09-23",1,2,1,2,2,149004,96359,1553423,1729,898,52,1440
"857",3,"2021-05-12","2021-05-18",1,2,1,3,2,149004,96359,1553423,1729,898,59,1600
"858",3,"2021-12-01","2022-02-11",1,2,1,3.5,3,149004,96359,1553423,1729,898,73,2175
"859",3,"2022-08-22","2022-08-24",1,1,1,4.5,1,149004,96359,1553423,1729,898,105,2012
"860",3,"2023-01-28","2023-01-28",1,1,1,3.5,1,149004,96359,1553423,1729,898,98,1000
"861",3,"2023-01-17","2023-01-17",1,1,1,5.5,1,149004,96359,1553423,1729,898,134,3010
"862",3,"2023-01-28","2023-01-28",1,1,1,4.5,1,149004,96359,1553423,1729,898,127,1250
"863",3,"2022-04-14","2022-04-19",1,1,1,3.5,1,149004,96359,1553423,1729,898,68,1400
"864",3,"2022-11-07","2022-11-15",1,1,1,5.5,1,149004,96359,1553423,1729,898,172,4810
"865",3,"2022-01-19","2022-01-27",1,2,2,5.5,2,149004,96359,1553423,1729,898,136,2500
"866",3,"2023-01-28","2023-01-28",1,1,1,3.5,1,149004,96359,1553423,1729,898,100,1100
"867",3,"2021-11-05","2021-11-11",1,2,1,2,3,149004,96359,1553423,1729,898,57,1500
"868",3,"2023-01-04","2023-01-10",1,2,1,3.5,3,149004,96359,1553423,1729,898,98,2660
"869",3,"2022-08-13","2022-08-13",1,1,1,3.5,1,149004,96359,1553423,1729,898,97,1150
"870",3,"2022-10-08","2022-10-08",1,1,1,3.5,1,149004,96359,1553423,1729,898,97,860
"871",3,"2022-05-10","2022-05-25",1,2,1,5.5,3,149004,96359,1553423,1729,898,120,2550
"872",3,"2022-06-23","2022-06-28",1,1,1,3.5,1,149004,96359,1553423,1729,898,90,2950
"873",3,"2022-08-03","2022-08-16",1,1,1,2,1,149004,96359,1553423,1729,898,48,1300
"874",3,"2022-11-05","2022-11-05",1,1,1,4.5,1,149004,96359,1553423,1729,898,121,1000
"875",3,"2021-03-31","2021-05-29",1,2,1,4.5,2,149004,96359,1553423,1729,898,120,2450
"876",3,"2022-11-15","2023-01-06",1,1,1,3.5,1,149004,96359,1553423,1729,898,62,1380
"877",3,"2022-08-13","2022-08-13",1,1,1,3.5,1,149004,96359,1553423,1729,898,99,1200
"878",3,"2022-08-13","2022-08-13",1,1,1,2.5,1,149004,96359,1553423,1729,898,66,900
"879",3,"2021-06-06","2021-06-27",1,1,1,3.5,1,149004,96359,1553423,1729,898,120,2830
"880",3,"2021-06-24","2021-06-29",1,2,1,3.5,2,149004,96359,1553423,1729,898,63,1997
"881",3,"2021-04-08","2021-04-14",1,2,1,3.5,2,149004,96359,1553423,1729,898,110,2990
"882",3,"2021-06-01","2021-06-25",1,2,1,3,3,149004,96359,1553423,1729,898,63,1700
"883",3,"2022-11-05","2022-11-05",1,1,1,3.5,1,149004,96359,1553423,1729,898,100,950
"884",3,"2022-08-27","2022-08-29",1,1,1,3.5,1,149004,96359,1553423,1729,898,112,700
"885",3,"2022-05-23","2022-11-17",1,1,1,1,1,149004,96359,1553423,1729,898,23,1380
"886",3,"2021-03-24","2021-03-24",1,2,2,5,3,149004,96359,1553423,1729,898,90,1700
"887",3,"2023-01-28","2023-01-28",1,1,1,1.5,1,149004,96359,1553423,1729,898,46,1000
"888",3,"2023-01-03","2023-01-09",1,1,1,5,1,149004,96359,1553423,1729,898,132,5650
"889",3,"2022-08-27","2022-08-27",1,1,1,1.5,1,149004,96359,1553423,1729,898,43,800
"890",3,"2022-08-27","2022-08-29",1,1,1,3.5,1,149004,96359,1553423,1729,898,98,1100
"891",3,"2022-09-14","2022-10-14",1,1,1,3.5,1,149004,96359,1553423,1729,898,99,2280
"892",3,"2021-05-04","2021-05-24",1,2,1,4.5,2,149004,96359,1553423,1729,898,85,1700
"893",3,"2021-12-04","2021-12-04",1,2,1,3.5,3,149004,96359,1553423,1729,898,102,900
"894",3,"2022-12-08","2022-12-18",1,1,1,4.5,1,149004,96359,1553423,1729,898,106,2950
"895",3,"2022-08-13","2022-08-13",1,1,1,3.5,1,149004,96359,1553423,1729,898,98,1200
"896",3,"2022-01-29","2022-01-30",1,2,1,4.5,2,149004,96359,1553423,1729,898,110,3142
"897",3,"2021-06-04","2021-06-30",1,2,1,3,2,149004,96359,1553423,1729,898,65,2140
"898",3,"2022-10-23","2022-10-24",1,2,1,3,4,149004,96359,1553423,1729,898,50,1350
"899",3,"2022-10-12","2022-10-13",1,1,1,4,1,149004,96359,1553423,1729,898,88,3210
"900",3,"2021-09-05","2021-10-01",1,2,1,2,4,149004,96359,1553423,1729,898,43,1830
"901",3,"2022-10-08","2022-10-08",1,1,1,4.5,1,149004,96359,1553423,1729,898,118,880
"902",3,"2022-08-27","2022-08-27",1,1,1,4.5,1,149004,96359,1553423,1729,898,119,1550
"903",3,"2023-01-09","2023-01-09",1,1,1,4.5,1,149004,96359,1553423,1729,898,112,2450
"904",3,"2021-12-03","2021-12-10",1,2,1,2.5,2,149004,96359,1553423,1729,898,55,1990
"905",3,"2022-06-23","2022-07-21",1,1,1,2.5,1,149004,96359,1553423,1729,898,90,1950
"906",3,"2022-03-03","2022-03-03",1,2,1,3.5,3,149004,96359,1553423,1729,898,96,1970
"907",3,"2022-08-13","2022-08-13",1,1,1,1.5,1,149004,96359,1553423,1729,898,44,900
"908",3,"2022-11-05","2022-11-05",1,1,1,2.5,1,149004,96359,1553423,1729,898,69,650
"909",3,"2022-05-12","2022-06-17",1,2,1,1.5,3,149004,96359,1553423,1729,898,40,1400
"910",3,"2022-01-06","2022-01-27",1,2,1,5.5,3,149004,96359,1553423,1729,898,125,2570
"911",3,"2023-01-05","2023-01-20",1,1,1,3,1,149004,96359,1553423,1729,898,101,3870
"912",3,"2022-11-05","2022-11-05",1,1,1,2.5,1,149004,96359,1553423,1729,898,68,750
